movie_id,genre_id
194188,35
177677,28
177677,12
177677,53
76757,878
76757,14
76757,28
76757,12
264660,18
264660,878
244563,18
205775,53
205775,18
205775,12
205775,28
205775,36
135397,28
135397,12
135397,878
135397,53
294254,28
307087,53
307087,18
307087,9648
295144,18
295144,10770
207703,80
207703,35
207703,28
207703,12
198184,80
198184,28
198184,878
201088,80
201088,18
201088,9648
315360,53
315360,80
315360,9648
87101,878
87101,28
87101,53
87101,12
270303,27
270303,53
315362,53
315362,80
315362,9648
76341,28
76341,12
76341,878
76341,53
280092,18
280092,27
280092,53
140607,28
140607,12
140607,878
140607,14
271969,12
271969,18
271969,28
68735,28
68735,12
68735,14
99861,28
99861,12
99861,878
76600,28
76600,12
76600,14
76600,878
166426,12
166426,28
166426,14
166426,35
141052,28
141052,12
141052,14
141052,878
102899,878
102899,28
102899,12
166424,28
166424,12
166424,878
293660,28
293660,12
293660,35
284053,28
284053,12
284053,14
284053,878
283995,28
283995,12
283995,35
283995,878
271110,12
271110,28
271110,878
284052,28
284052,12
284052,14
284052,878
246655,878
297556,878
297556,28
297556,16
297556,12
174340,99
210860,35
210860,12
216015,18
216015,10749
216015,53
302429,10402
302429,16
302429,10751
302429,14
272693,10749
272693,35
277355,53
277355,28
227719,878
227719,53
321594,35
167073,18
167073,10749
295490,18
309298,35
249688,18
309299,18
309299,36
291869,18
309581,53
309581,18
310119,12
310119,18
310119,36
310121,18
310121,35
310001,18
310001,35
309242,18
309245,35
309503,53
309503,18
232572,12
232572,35
232572,18
245706,80
245706,18
245706,9648
253406,35
253406,18
253406,10402
288036,35
315882,99
319070,36
319070,35
319070,99
319075,10402
319075,99
319091,99
319071,99
319071,36
319071,10402
318224,99
224972,99
319079,80
319079,99
318225,99
319074,99
319078,18
319078,99
318044,99
318044,10402
308457,878
308457,18
308457,10751
308453,18
308453,35
308638,18
308638,35
250124,18
250124,10749
308639,80
308639,18
308639,35
307946,18
308369,35
308369,18
308024,9648
308024,35
308027,35
294132,35
308640,18
308032,53
308032,18
308361,18
308361,53
306197,35
306197,18
193687,18
193687,878
193687,53
315855,9648
315855,18
315855,35
315855,10749
307663,53
307663,878
307663,28
307663,12
278677,9648
278677,53
167810,14
167810,53
312152,99
312152,36
320316,35
273248,80
273248,18
273248,9648
273248,37
244260,18
265208,53
265208,80
265208,18
286565,18
286565,9648
286565,10749
252838,35
308160,80
308160,28
308160,35
308160,12
241251,53
263105,18
263105,10749
263105,35
86835,10749
86835,18
311291,18
320003,18
320001,18
319999,18
319999,35
320004,18
311301,18
320007,18
320007,10749
320007,53
323431,18
276839,18
276839,35
315049,35
318040,18
318040,10749
201085,9648
201085,53
201085,14
201085,27
201085,18
300803,28
300803,12
300803,14
243938,35
277686,27
277686,53
277686,80
326536,27
326536,14
325358,28
325358,35
229304,18
256591,10749
256591,35
256591,80
256591,18
246127,18
228165,16
228165,12
228165,35
228165,10751
234212,53
234212,27
268238,18
268238,35
290764,28
290764,80
290764,18
228203,18
309302,12
309302,18
243940,53
243940,27
239573,35
264337,28
264337,18
264337,10751
324260,99
322456,28
322456,12
322456,16
322456,10751
75861,18
75861,10402
241554,28
241554,80
241554,18
241554,9648
241554,53
280922,18
280922,10749
326057,80
326057,53
279972,53
279972,9648
279972,27
279972,14
324279,99
291362,35
150689,10749
150689,14
150689,10751
150689,18
326359,12
326359,16
326359,10751
228968,18
228968,28
228968,80
228968,53
327225,18
327225,10749
323555,99
324436,35
325205,18
328233,99
243688,27
243688,53
266647,12
266647,10751
266647,14
252512,35
252512,18
252512,9648
257444,18
257444,27
257444,53
322378,99
272634,18
272634,14
272634,9648
272634,53
262500,12
262500,878
262500,53
325138,18
325138,35
325138,10751
325138,10749
228161,14
228161,35
228161,16
228161,878
228161,10751
245703,12
245703,18
245703,878
266396,28
266396,18
266396,80
314389,28
314389,80
314389,9648
314389,53
168259,28
277685,27
277685,53
228973,18
228973,27
228973,53
256030,27
291272,27
293970,27
293970,35
327029,28
327029,12
327029,878
181283,80
181283,53
257091,35
326665,35
322518,53
328032,14
328595,878
328595,28
293771,27
293771,878
237756,35
237756,53
323967,18
323967,35
299551,27
300690,18
300690,35
263109,10751
263109,16
263109,35
263109,12
308504,28
308504,12
321640,99
321528,28
321528,12
321528,16
304357,18
320996,35
332356,18
332356,36
332356,10770
158852,12
158852,10751
158852,9648
158852,878
323016,99
323016,18
253626,28
253626,18
253626,53
259958,18
283698,18
312797,53
321678,99
321678,10402
253303,35
253303,18
253303,27
256961,28
256961,35
256961,10751
282313,878
282313,18
282313,53
328799,99
299353,18
299353,35
330431,28
329540,53
329540,28
228205,18
228205,10749
272418,9648
272418,18
272418,80
272418,53
332759,28
332759,10770
295592,99
315367,53
315367,80
315367,9648
293863,14
293863,18
293863,10749
250756,99
329241,99
256924,35
256924,18
256924,10402
333089,18
325113,18
309304,35
309304,18
333103,35
300155,53
300155,10749
300155,18
261860,99
312793,878
312793,35
289723,9648
289723,18
327418,28
327418,16
327418,10751
321030,35
321030,10402
321030,18
332340,10749
332340,35
309889,27
309889,53
328252,27
254128,28
254128,18
254128,53
241257,27
241257,9648
241257,53
321494,28
250734,10749
250734,18
249916,10749
249916,35
249916,18
316322,10751
316322,16
249070,28
249070,80
249070,53
335819,878
335819,35
335819,80
290815,18
275601,35
275601,18
275601,10402
320179,99
332286,36
332286,18
316715,18
306482,53
306482,18
301728,27
301728,878
301728,53
332835,18
332835,35
326923,18
326923,10770
252596,9648
252596,28
252596,27
252596,14
327476,35
254470,35
254470,10402
337101,18
330544,18
330544,10402
330544,10770
277662,18
258480,10749
258480,18
333382,99
313867,10749
313867,35
326284,28
245846,18
245846,53
297362,35
308715,18
308715,35
254320,53
254320,35
254320,18
254320,10749
254320,878
322766,80
322766,18
322766,53
256057,18
256057,35
287424,27
268920,28
268920,35
268920,80
223485,10749
223485,53
223485,37
94365,27
337210,35
337210,99
310319,99
337944,99
248574,12
248574,28
248574,35
292040,53
292040,28
322488,18
322488,36
321769,99
320703,10749
320703,35
334132,18
334132,10749
291817,99
339533,10770
339533,28
339533,878
286217,18
286217,12
286217,878
333381,18
333381,53
251516,28
251516,35
251516,878
251516,14
320295,28
320295,18
320295,53
323517,80
323517,9648
323517,53
310593,35
310593,18
334074,53
318256,99
323384,18
323384,10749
323384,10770
334088,27
238713,28
238713,35
238713,80
271718,35
328720,35
222936,18
222936,35
222936,10749
321160,35
321160,10749
316067,35
316067,99
343070,28
343070,878
343070,10752
320006,99
320006,18
320006,35
300168,28
300168,18
300168,12
188222,35
328483,12
328483,10402
328483,9648
328483,53
321109,99
328692,18
343371,35
150540,18
150540,35
150540,16
150540,10751
289716,18
307931,99
206197,9648
206197,18
206197,53
295595,10402
295595,18
295595,99
295595,80
271714,18
131634,28
131634,12
131634,878
272878,12
272878,18
272878,10751
257344,28
257344,35
257344,878
262504,12
262504,878
259316,12
259316,10751
259316,14
38700,53
38700,28
38700,80
325365,99
338107,18
339367,18
316310,10752
316310,18
280996,18
280996,9648
328111,16
328111,10751
319188,27
320430,18
320430,35
333346,99
264038,18
337876,18
337876,28
256962,35
256962,18
256962,10752
309425,14
309425,18
343921,18
343921,53
238615,878
238615,9648
238615,53
245842,14
245842,28
245842,12
302156,28
274854,14
274854,28
274854,12
287903,27
287903,35
287903,14
297761,28
297761,12
297761,80
297761,14
297761,878
335676,53
335676,10749
335676,878
47933,28
47933,12
47933,878
188927,28
188927,12
188927,878
277558,28
277558,18
277558,53
293452,18
293452,53
293452,27
341176,35
338100,10751
279977,27
214756,35
86828,35
86828,878
211672,10751
211672,16
211672,12
211672,35
105864,12
105864,16
105864,10751
261023,80
261023,18
206647,28
206647,12
206647,80
310569,18
323660,28
323660,14
331446,10770
331446,27
331446,878
297291,28
297291,14
297291,12
302960,12
302960,16
302960,10751
308447,16
308447,35
308447,10751
332980,18
335753,27
321697,18
321697,36
225728,36
225728,18
225728,10752
296099,35
309063,27
341984,12
341984,10751
341984,16
253161,18
316410,53
316410,18
299221,53
299221,80
299221,18
254905,18
339355,35
305747,10751
305747,18
324333,80
324333,18
279988,53
279988,12
337663,28
337663,35
335077,10751
335077,878
335077,28
335077,12
309924,35
336167,9648
336167,27
336167,53
273610,35
331161,18
331161,35
332976,53
332976,28
332976,12
332976,80
346838,12
328448,35
328448,18
276808,18
276808,35
335805,10752
335805,18
262436,99
179966,35
312796,35
312796,18
334742,53
334742,18
334742,27
317744,18
317744,53
332936,53
332936,18
332936,10749
275696,18
240483,12
240483,878
240483,28
319924,35
330011,10749
330011,35
330011,18
309887,35
309887,28
308017,9648
308017,53
308017,27
79698,28
79698,12
79698,878
79698,10749
209112,28
209112,12
209112,14
332177,28
338518,28
307479,53
307479,28
344255,18
346570,18
317144,18
317144,53
285024,18
331781,99
331781,10402
343977,35
343977,16
343977,10751
254472,35
254472,27
264999,35
264999,18
264999,10402
346490,18
332354,35
278927,10751
278927,12
278927,18
278927,14
303857,28
303857,12
303857,16
303857,14
316002,10749
316002,35
316654,80
316654,18
316654,53
319090,99
319090,18
203801,35
203801,28
203801,12
320385,99
323027,28
323027,16
323027,14
337879,27
337879,80
337879,18
338234,18
338234,9648
287689,10770
287689,35
333594,37
333594,18
333594,53
285783,12
285783,18
285783,53
300671,28
300671,18
300671,36
300671,53
300671,10752
324670,53
324670,28
324670,878
343934,35
308077,35
308077,18
348499,35
348499,12
336560,28
336560,27
299245,27
299245,53
277687,9648
277687,18
326139,18
338353,99
335970,35
279144,99
347688,10751
347688,16
323383,53
323383,18
315575,18
182560,18
182560,9648
182560,53
336804,18
337677,35
348892,12
348892,35
348892,18
342003,35
329134,35
329134,53
329134,27
336211,35
336211,10749
332745,35
332745,18
333545,878
333545,28
322922,27
322922,53
322922,28
252164,18
252164,53
313179,28
328820,53
348191,27
348191,99
340230,35
340230,18
281957,37
281957,18
281957,12
281957,53
282984,9648
282984,18
314405,10749
314405,14
314405,27
349045,35
349045,16
336845,18
336845,80
342765,18
317952,18
317952,99
256040,28
256040,12
256040,36
256040,10752
324819,99
266047,53
342052,99
339065,99
326215,16
326215,12
326215,35
307081,28
307081,18
273481,28
273481,80
273481,18
273481,9648
273481,53
350931,53
342878,35
342878,18
342878,10749
348811,10752
348811,28
346592,28
346592,80
346592,53
278236,18
319067,99
319067,36
294562,27
294562,878
294562,53
344147,28
344147,878
344147,12
326241,18
326241,35
300686,18
266619,99
312131,878
312131,18
348857,35
311615,35
311615,28
311615,12
266425,53
266425,80
266425,18
314220,18
314220,35
291270,16
291270,35
291270,18
291270,10749
318781,18
318781,10749
318781,36
306758,18
306758,10749
320132,35
320132,18
320132,10749
253344,35
342896,27
342896,9648
342896,53
329289,27
157544,53
157544,27
288778,18
288778,53
352539,18
352539,10752
315846,18
315846,35
283127,27
283127,28
257211,35
342917,28
342917,16
342917,10751
338676,18
338676,27
338676,878
273599,18
273599,53
318033,99
277217,12
277217,28
277217,35
277217,10751
292431,18
292431,10749
264644,18
264644,53
226458,53
226458,27
277546,18
331251,35
331251,18
328425,53
328425,9648
310131,9648
310131,27
296313,35
296313,18
300667,35
300667,18
318042,10402
318042,99
351964,18
351964,35
351964,10749
324150,9648
324150,18
324150,80
324150,53
337958,35
337958,18
337958,10749
348035,35
277154,12
277154,18
277154,36
286192,16
286192,10751
298312,27
298312,53
290751,80
290751,18
290751,9648
283445,27
343295,35
345944,99
347528,35
347528,99
332270,18
332270,10749
332270,10752
337073,27
296130,878
296130,27
261392,35
261392,28
192141,28
192141,53
277216,18
277216,10402
310133,53
251471,99
295830,27
295830,14
295830,18
295830,28
295830,878
308084,35
308084,18
284674,53
284674,878
319337,18
319337,10752
319340,35
324578,878
324578,18
324578,14
324578,10749
347035,12
347035,10751
274479,18
274479,35
351043,53
351043,9648
351043,18
351043,27
228066,18
228066,878
228066,53
339327,10402
339327,99
325263,99
353898,18
336203,18
336203,10749
306543,35
317655,36
317655,99
354128,35
354128,10749
330037,10751
330037,28
330037,18
354556,28
354556,14
354556,878
344591,18
344591,14
318922,35
318922,80
318922,53
323694,27
323694,35
323694,10749
301875,18
301875,10749
301875,878
329637,28
329637,878
329637,12
329637,14
273477,35
273477,27
315859,18
315859,36
245168,18
245168,36
319669,28
319669,53
319373,18
336655,35
336655,18
336206,18
347096,28
347096,12
347096,14
346646,28
346646,35
346646,80
346646,53
291549,28
291549,18
291549,36
291549,53
310135,28
310135,12
310135,35
310135,878
336664,18
336664,53
316885,18
319513,18
330421,80
330421,18
330421,10751
330421,53
348296,35
301351,18
301351,10402
301351,10749
323272,18
273153,35
273153,18
273153,10749
352552,99
276907,80
276907,53
277710,18
277710,53
306943,35
352173,80
352173,18
352173,9648
352173,53
353879,53
353879,28
301629,35
300542,18
300542,9648
300542,53
323373,35
323373,27
349048,99
306819,18
57876,27
57876,53
57876,878
330171,18
330171,35
324308,99
347328,35
347328,878
319910,53
319910,9648
319910,18
319910,80
313922,27
313922,80
313922,53
283587,18
283587,10752
328132,99
326441,27
333344,18
333344,35
356216,80
296503,27
296503,35
233490,10751
233490,28
328589,35
328589,18
338928,99
317981,35
317981,27
346093,27
346093,878
318279,12
318279,99
323674,10749
323674,18
323366,53
323366,27
323366,9648
345468,18
345468,27
345468,53
350499,12
350499,16
350499,28
350555,18
350555,10752
350555,10749
287948,53
287948,28
287948,80
342474,35
342474,18
310137,53
310137,27
263472,18
263472,53
342021,10749
342021,80
342021,53
312827,27
312827,99
318973,53
318973,80
318973,99
296523,18
296523,53
271039,10749
271039,18
324281,35
324281,99
338729,14
338729,10749
300153,18
319341,35
303991,35
303991,18
331592,18
331592,53
331592,878
351901,28
351901,53
358982,53
358982,27
356149,27
315335,35
345931,53
345913,27
319076,99
326723,99
306838,18
10317,35
10317,18
340382,27
340382,878
340382,28
340382,14
340382,18
332839,53
332839,18
253450,28
253450,18
253450,36
356846,18
356846,10770
254302,18
296100,35
334538,18
334538,878
352978,53
352978,12
352978,28
322125,18
322125,53
253412,12
253412,18
330764,35
330764,14
342550,18
284875,53
334298,28
334298,35
334298,14
338421,53
338421,28
338421,80
314365,18
314365,53
314365,36
359108,18
336050,10752
336050,18
336050,53
333674,18
333674,53
333674,27
344120,28
344120,18
344120,53
245698,53
245698,18
325348,28
325348,12
325348,878
295964,18
157843,18
157843,36
353686,53
353686,27
359105,35
359105,28
359105,18
359105,36
359105,10752
315841,35
315841,28
267970,16
267970,18
267970,36
335310,35
335310,99
322443,12
322443,18
322443,37
329263,35
290637,27
290637,53
269747,53
349498,35
349498,18
322740,18
340190,35
329205,53
329205,27
271736,18
342657,27
342657,53
342657,9648
347697,18
344476,80
344476,18
315509,80
315509,28
343059,35
343059,28
298582,36
298582,18
298582,10751
298721,18
298721,14
322614,12
322614,18
322614,878
336805,18
341077,28
341077,80
341077,18
341077,53
342925,10749
342925,18
335490,53
337730,18
336149,14
330298,9648
330298,53
359325,35
353500,28
353500,12
353500,80
353500,18
311539,27
354667,27
354667,9648
354667,53
353117,99
277967,35
277967,80
277967,53
324245,35
320736,18
338767,27
338767,18
338273,99
361159,27
361159,28
348295,35
338072,10751
336660,18
319995,18
337115,10752
337115,18
159824,16
159824,35
159824,10751
360784,53
360784,27
330206,80
316347,18
316347,10751
356905,10751
356905,12
346401,10402
346401,99
339530,878
339530,28
339530,27
306745,10749
306745,18
314385,18
314385,10749
309809,12
309809,16
309809,14
301228,53
301228,9648
301228,878
330112,18
330112,10749
330112,35
362046,37
362046,28
362046,53
314402,80
314402,18
361931,36
361931,99
326333,35
326333,14
326333,10749
320028,35
318954,28
297762,28
297762,12
297762,14
252983,16
252983,12
252983,35
252983,28
252983,10751
302349,28
302349,35
302349,14
302349,878
340488,53
339988,18
339988,53
339988,878
68730,18
68730,36
352161,18
352161,36
352161,80
352161,53
296098,53
296098,18
353616,35
336029,18
316042,10752
316042,18
304126,35
335138,99
323661,16
324807,80
324807,18
324807,9648
324807,53
338312,28
338312,35
338312,80
346079,53
346079,28
346079,80
244316,28
244316,27
244316,53
352208,99
357441,10751
357441,35
359364,99
121869,35
121869,10749
310568,18
310568,10749
319994,99
336666,18
336666,12
319996,18
319996,35
357784,18
314388,10749
314388,18
207270,53
207270,27
353446,35
323792,35
323792,80
323792,14
323792,27
323792,53
359471,53
359471,28
248633,27
336744,18
336744,53
359305,18
359305,80
359305,53
306947,53
360339,53
360339,18
315872,18
270487,35
270487,18
270487,9648
362185,53
362185,28
362185,18
353595,28
353595,12
353595,16
353595,10751
328246,10402
328246,99
320589,99
320589,10402
319073,99
318917,35
363439,53
363439,27
325848,35
335724,12
335724,18
334328,35
334328,99
355600,10402
355600,99
316761,99
362373,27
362373,53
341886,878
341886,27
291151,18
291151,53
291151,27
291151,9648
291866,27
291866,878
291866,53
324293,99
299715,35
299715,10749
341051,27
334536,27
334536,53
320343,53
320343,18
320343,10749
331576,18
331576,28
331576,80
359255,53
359255,27
106845,27
106845,878
360341,99
360341,10402
360638,18
360638,35
329819,18
360605,14
360605,12
360605,35
334394,14
334394,27
333287,10749
333287,35
268725,53
268725,27
258947,53
258947,18
335866,27
335866,878
328869,18
324253,99
257445,12
257445,27
257445,35
334682,99
343843,18
343843,10752
330127,36
330127,99
330127,10751
329829,18
329829,36
329829,10749
320146,18
320146,878
335640,80
335640,18
335640,53
364153,28
364153,27
157422,27
329712,18
358912,18
358912,35
335392,35
335392,18
335392,10751
335392,14
335392,9648
263471,53
263471,28
263471,10749
290762,35
290762,18
290762,10749
339060,9648
339060,18
339060,36
339060,10751
339060,53
306969,53
306969,27
345323,99
304372,18
304372,53
253414,35
253414,10402
253414,10752
218784,878
218784,35
218784,27
354150,35
354150,18
354150,10749
334924,35
326058,53
262169,35
262169,27
363805,35
322850,18
322850,80
322850,53
309919,53
309919,9648
309919,27
309919,18
305044,53
305044,28
305044,18
346808,28
346808,53
306964,27
361050,9648
361050,80
361050,18
345519,99
323370,27
323370,878
323370,53
319993,18
319993,36
362439,27
321303,10752
321303,18
356161,12
356161,16
356161,10751
336811,18
364781,99
364781,18
294963,27
294963,37
294963,12
294963,18
146301,27
146301,53
363413,10749
363413,35
363413,18
339669,10751
339669,16
266639,18
266639,10402
266639,12
266639,14
293646,18
293646,36
314400,36
314400,18
334991,14
334991,10749
334991,18
356296,80
356296,18
356296,53
355178,35
325302,9648
325302,18
325302,27
329020,27
329020,16
329020,9648
339362,28
339362,35
339362,10749
301846,27
361380,10751
361380,16
361380,12
337473,99
254172,18
347754,27
347754,53
298382,18
296025,18
287636,18
228294,35
365491,18
365491,10749
365491,53
294016,18
353148,99
352157,18
339077,878
339077,35
339077,10749
335872,53
366045,10770
366045,18
318914,18
335462,12
335462,28
335462,10752
342786,99
321741,18
321039,27
321039,53
321039,878
353345,27
227973,16
320061,10751
320061,99
315226,36
315226,18
347331,28
266764,10749
266764,35
266764,99
325690,35
288171,35
333091,18
366742,18
366742,99
324986,27
366551,27
314371,18
314371,53
312831,14
312831,27
315465,14
315465,28
315465,12
315465,16
355389,99
365188,18
365188,35
347548,53
347548,27
347548,878
362077,99
365340,99
339342,27
359070,18
359070,14
348929,10749
348929,35
348929,27
355594,35
306952,35
306952,18
306952,10749
347258,53
347258,878
337549,10770
337549,18
364137,18
364137,35
312221,18
324325,10751
324325,99
367326,878
367326,35
367326,16
367326,10751
339527,80
339527,18
339527,9648
360203,28
360203,80
360203,18
360203,53
328739,28
328739,12
328739,18
328739,14
157827,18
271983,35
271983,18
336004,80
336004,28
336004,53
368256,27
246133,18
246133,35
343426,53
327383,18
327383,35
332502,9648
332502,878
332502,53
329206,18
332534,35
332534,18
277153,35
277153,10749
333348,35
333348,10751
362136,18
362136,28
362136,10749
318972,53
318972,99
330007,10749
330007,18
337751,18
337751,10770
329724,18
285848,18
285848,10751
285848,10749
363890,28
363890,16
363890,27
353462,18
353462,36
358881,18
358881,80
358881,53
367882,53
367882,28
367882,9648
321751,35
321751,18
333886,18
333886,35
320349,53
320349,99
352327,18
300666,18
300666,10402
336806,18
335869,35
335869,18
335869,10749
369230,35
324259,35
324259,18
318373,18
334527,53
334527,80
334527,18
356898,18
346755,53
343880,99
336222,18
364089,35
363810,10770
363810,35
323679,9648
323679,35
323679,18
257088,28
257088,80
257088,53
348060,28
348060,18
310491,18
291290,53
291290,18
352197,99
352197,18
339274,35
339274,18
339274,10749
336691,35
336691,10749
368330,10402
333696,18
333696,36
333696,10752
355020,99
353464,53
353464,18
353464,9648
341895,35
341895,10402
341895,10749
349158,16
349158,10402
171277,27
171277,53
369165,99
369165,10402
336884,27
339751,99
299687,12
299687,878
364067,35
364067,10402
321666,53
321666,18
307103,18
307103,80
326874,35
341744,35
341744,18
353311,10402
298026,878
298026,80
298026,27
345637,16
336882,28
336882,18
336882,53
333555,35
333555,53
315868,18
334028,27
325039,18
325039,53
325039,27
361042,27
361042,10770
353257,28
353257,878
340275,10402
340275,18
340275,80
340275,35
348150,10770
348150,35
331836,35
366548,35
351694,14
351694,16
351694,35
300693,18
218275,18
323656,35
354072,10749
354072,18
339562,10749
339562,28
339562,18
318846,35
318846,18
321621,28
321621,53
321621,14
333088,35
340816,10749
340816,35
333968,18
347969,35
347969,37
338930,28
338930,53
332827,18
332827,10751
347497,10770
347497,99
347497,878
367735,35
371818,18
371818,10402
371818,10752
367551,28
367551,35
367551,878
324291,18
324291,35
332179,18
332179,10752
363683,99
339145,18
237584,53
207936,10402
207936,10749
207936,35
299145,18
334376,878
334376,16
326425,28
326425,53
303867,16
303867,35
303867,878
329833,35
368239,99
331351,80
331351,35
283596,35
283596,18
283596,53
338614,99
359983,10770
359983,16
359983,10751
357681,99
259694,35
259694,10749
348689,36
348689,28
348689,12
348689,18
302797,878
302797,27
302797,9648
347944,27
291537,99
372631,16
372631,14
319152,99
359746,99
323149,53
253286,53
253286,80
253286,18
341045,99
279690,53
279690,27
279690,35
279690,18
323968,878
323968,18
323968,14
284460,28
284460,35
284460,80
360551,80
360551,18
360551,9648
360551,53
359460,35
359460,80
359460,53
268854,18
346472,35
346472,18
346472,878
282070,878
282070,27
351819,10749
351819,35
373481,99
358532,18
358532,10770
340666,18
340666,53
339888,99
359204,99
345139,99
356483,53
356483,28
356483,27
356486,27
356486,35
274167,35
266294,35
363486,10751
363486,14
363486,10770
363486,10749
363486,18
348634,35
348634,10770
348634,10749
363484,10751
363484,10770
363482,10751
363482,10749
363482,10770
328848,10770
328848,9648
343284,35
343284,27
361751,10770
361751,9648
362886,10749
362886,10770
360604,10749
360604,10770
363476,10749
363476,18
363478,10751
363478,10770
363479,10749
363479,10770
363480,18
363480,10770
363483,10751
363483,10770
360603,10749
360603,10770
360603,35
366630,18
366630,10770
366631,10749
366631,10770
366018,10749
366018,10402
366018,10770
366018,35
336681,18
140300,28
140300,12
140300,16
140300,35
140300,10751
319089,99
343702,35
372981,28
372981,36
372981,18
320587,99
323929,35
323929,18
364833,35
364833,18
352209,18
350849,18
350849,10749
373976,35
344041,18
344041,53
362045,10752
362045,36
362045,10749
350845,10749
350845,18
315319,35
370835,18
370835,80
339934,99
373977,53
373977,10770
373977,878
373977,18
254736,18
347201,28
347201,16
347201,14
326415,27
342927,878
342927,28
342927,27
357940,80
357940,28
357940,18
300601,35
372821,18
372821,80
372821,28
372821,53
267955,99
352200,53
352200,99
352200,18
366566,35
337075,10751
337075,14
337075,9648
362154,53
362154,80
339944,9648
339944,10751
339944,12
339944,14
58431,10749
58431,27
58431,35
58431,53
337208,878
337208,28
324930,27
374416,35
325712,28
325712,35
325712,80
325712,18
325712,10751
325712,14
325712,10402
325712,53
317198,10770
317198,12
317198,35
328480,53
325134,10749
325134,35
354216,27
174751,28
174751,18
174751,37
333360,99
370665,80
370665,28
370665,35
333596,18
331190,80
331190,18
331190,53
299553,53
360055,28
336313,14
336313,35
336313,16
329440,27
329440,53
277968,35
277968,18
275269,53
275269,28
258100,99
313628,35
313628,10749
321191,10749
321191,18
321191,36
349176,28
349176,12
349176,35
349176,878
325173,28
325173,80
362703,28
362703,12
362703,53
362703,37
347767,27
342502,53
371759,18
371759,878
371759,35
333675,12
333675,35
333675,80
333675,53
272548,35
361671,18
322317,99
329407,99
329407,10402
358238,18
358238,14
358238,878
321974,99
321974,10402
137333,18
137333,878
137333,53
371492,99
340401,27
340401,35
377206,28
315880,10749
315880,18
340176,27
340176,53
361854,53
345875,53
345875,27
345875,9648
156981,27
284514,28
284514,35
351145,53
348678,35
348678,18
334878,35
359807,99
373355,99
373451,10402
373451,99
326094,35
276905,12
276905,16
276905,35
276905,10751
323675,28
323675,35
312669,18
312669,35
312669,10749
377565,35
377565,18
366924,28
366924,16
366924,878
320005,18
320005,878
319888,35
319888,18
319888,36
375290,53
375290,28
375290,18
375290,36
376047,10749
376047,18
331962,18
331962,80
331962,53
301729,878
301729,53
301729,14
329805,18
329805,10749
273899,18
337029,27
337029,53
345235,28
345235,35
336807,18
333387,53
333387,9648
333387,80
333387,18
362057,18
362057,27
362057,53
300792,12
300792,99
348069,99
323435,53
323435,18
323435,14
360030,99
378092,53
378092,80
378263,99
291851,18
291851,36
291851,10752
291851,28
352156,18
340243,18
340243,53
378350,18
333658,10770
333658,18
321258,27
321258,9648
321258,53
343795,18
339547,27
340255,14
340255,35
340255,18
346170,27
346170,53
279096,28
279096,35
279096,878
335778,28
373472,99
329004,18
329004,878
329004,53
376530,10751
376530,99
376530,12
365065,18
365065,878
334918,18
345775,12
345775,16
340357,53
340357,12
340357,16
340357,35
340357,14
340357,878
364116,53
364116,27
291870,35
379297,18
379297,10402
364427,18
364427,35
364427,53
333377,99
335051,35
320302,35
320302,10749
300673,28
300673,18
300673,36
300673,53
301325,18
301325,9648
301325,27
301325,53
367536,10770
367536,18
367536,10751
374142,18
374142,99
315055,53
315055,18
376681,9648
344277,53
350505,14
360799,28
360799,12
360799,9648
360799,878
334531,18
339408,18
337960,18
356057,36
356057,18
266038,18
266038,28
266038,80
333888,35
332709,35
296096,18
296096,10749
378385,28
378385,18
378385,10752
336669,18
372315,99
338803,18
338803,36
324289,10749
324289,18
280617,28
280617,35
280617,878
348089,10770
348089,10402
336663,18
336663,14
336663,10752
335031,35
346651,28
346651,878
346651,53
316000,18
316000,10402
263341,28
263341,12
263341,18
146198,28
146198,53
205584,14
336808,12
336808,18
376869,18
323677,28
323677,18
367493,18
367493,10749
333371,53
333371,878
333371,18
267860,28
267860,80
267860,53
269149,16
269149,12
269149,10751
269149,35
279641,10752
279641,35
258363,53
258363,18
318850,18
378200,35
378200,10749
267193,28
267193,35
287284,10749
287284,18
361263,18
361263,10770
361263,80
361263,9648
367513,99
380565,53
312804,18
324978,12
324978,16
324978,10751
348674,18
348674,10752
368835,99
365187,10749
365187,28
360387,12
360387,28
366249,35
361183,18
361183,10749
361183,878
254800,10402
254800,18
371003,27
373314,18
373314,53
377853,18
352162,18
381353,35
329809,35
329809,80
329809,18
329809,10749
358403,53
336199,18
336199,35
337107,18
315865,18
352025,35
352025,10749
329682,53
329682,18
329682,36
330348,18
342281,35
342281,10749
341392,35
367215,53
367215,99
299824,28
299824,12
299824,14
359154,36
359154,18
257450,27
257450,35
341050,28
341050,53
341050,9648
354251,14
354251,53
354251,27
354251,878
324803,27
324803,53
363264,18
363264,27
363264,9648
363264,53
333350,99
370168,99
374618,27
374618,14
298584,27
306547,18
306547,80
379998,99
308409,18
308409,10751
379335,10402
379335,35
379335,18
354857,35
354857,10770
354857,16
354857,878
367492,10749
367492,18
365222,28
365222,18
365222,36
353609,35
353609,10751
331354,35
340881,10751
340881,18
382951,18
382951,10751
216529,99
363185,10749
363185,35
354100,37
354100,99
373441,99
257087,27
382155,28
382155,18
382155,80
382155,53
379873,35
303982,35
300602,35
300602,16
300602,12
324317,10402
324317,99
373878,35
373878,12
371645,18
371645,12
371645,35
347064,878
347064,28
347064,27
347847,27
347847,878
354110,37
354110,18
371442,35
382725,27
375732,10402
375732,99
378227,18
361980,12
361980,10751
353641,10751
364387,10751
352720,10749
352720,18
352720,10752
365375,18
337104,18
384262,99
369362,99
366736,10752
366736,36
366736,18
341007,10751
341007,16
341007,12
241927,27
372985,18
379388,18
383255,99
330381,18
342163,10749
342163,35
371462,18
353533,10749
353533,28
353533,10751
353533,18
349135,53
349135,28
349135,878
342672,35
276537,18
276537,99
276537,36
332721,35
354388,99
384894,878
369366,16
369366,80
369366,99
382517,16
382517,35
382517,10751
382517,12
332880,10751
376515,99
380694,99
370870,18
369364,99
321377,878
321377,27
361181,35
280840,18
274109,10749
348537,35
348537,10749
305638,10751
305638,14
305638,12
305638,28
334312,18
361131,53
361131,18
362178,9648
362178,18
382899,18
296449,99
296449,18
296449,36
358859,99
322266,53
363844,27
302528,18
302528,53
324269,99
381890,35
381890,878
381890,14
381890,10749
347669,35
347835,99
383809,35
383809,99
329010,53
367596,18
367596,35
367275,10770
367275,99
367275,10402
330697,18
364540,14
364540,35
364540,18
301365,53
301365,27
334026,9648
334026,18
334026,53
346763,10749
346763,18
346763,36
309024,18
330770,9648
330770,18
330770,27
277713,18
364433,28
364433,18
364433,35
364433,53
364433,878
308674,35
341420,35
341420,27
363846,53
363846,18
385317,35
385317,878
385232,14
385232,28
385232,35
323315,35
369245,35
301348,35
301348,36
371647,18
338065,18
338065,10751
338065,10749
333352,18
333352,53
333352,10752
367524,99
359025,53
359025,28
359025,12
347752,53
323665,9648
323665,53
323665,27
323665,878
382581,10751
382581,16
332706,18
150201,27
150201,53
347764,9648
347764,18
347764,53
347764,27
291871,18
383140,53
383140,28
383140,878
336652,18
336652,10749
336652,35
320588,35
320588,18
320588,10749
348346,53
382913,18
365447,99
333385,28
333385,35
333385,10749
207680,35
207680,27
346494,35
346494,18
337085,27
337085,53
332704,27
332704,9648
336850,27
336850,878
320048,18
320048,53
320048,27
369834,28
369834,18
369834,10749
347689,12
347689,35
347689,10751
339984,18
379925,14
379925,10749
347881,35
359549,28
359549,16
292010,18
291189,10749
291189,18
291189,35
291189,9648
375012,27
312849,18
376311,14
376311,27
376311,10749
315664,35
315664,18
377799,18
377799,35
365805,53
365805,28
365805,27
329815,18
329815,53
370902,35
302688,10749
302688,35
302688,10751
327528,18
327528,10402
357706,28
357706,18
314029,18
378137,35
387054,35
359440,99
297806,18
297806,10402
186759,35
356326,27
356326,53
342521,28
342521,35
337758,18
337758,53
334922,18
375742,27
375742,10402
336011,18
290825,35
290825,14
290825,27
290825,53
333663,35
296360,35
296360,18
296360,10749
254952,35
347848,18
347848,27
376716,35
383535,53
383535,35
383535,27
365002,14
365002,878
365002,35
379291,28
379291,16
338913,35
338913,10751
387893,12
387893,16
387893,35
387893,10751
387893,10770
292081,99
356325,99
304878,99
357096,27
357096,53
373349,99
344170,99
380808,99
295699,35
369557,10749
369557,18
369557,10402
340627,18
340627,10749
358893,18
358893,35
354220,80
354220,27
354220,53
347850,9648
347850,27
347850,53
351065,16
351065,35
351065,18
331985,878
334362,35
335026,18
335026,10752
365909,53
365909,18
369373,18
352166,53
352166,27
370755,35
370755,18
370755,10749
290595,28
290595,12
290595,18
325133,35
365183,99
369168,99
356300,35
332748,99
301608,80
301608,53
372226,18
372226,53
297393,18
297393,99
376570,27
376570,53
308063,99
343112,53
343112,878
343112,27
374465,18
354924,27
354924,53
348390,18
348390,36
322746,99
364810,35
364810,18
341366,12
341366,99
352372,27
352372,53
339994,18
339994,53
339994,80
336121,18
336121,10751
335578,18
335578,36
335578,10752
342165,18
392418,10770
392418,53
355230,99
332739,99
317954,99
356090,10749
356090,18
340187,27
340187,35
340187,53
328594,99
298032,80
298032,53
298032,28
298032,27
347097,53
347097,27
347097,9648
333356,99
324320,99
324320,10402
333123,18
333123,53
333123,878
377985,28
377985,18
377985,53
348025,35
348025,18
353326,18
361841,80
361841,18
318054,18
318054,35
318054,878
366901,18
366901,9648
366901,10749
366901,53
385750,35
385738,10749
385738,35
385738,18
305342,35
333092,18
333092,35
345874,18
332283,18
332283,10749
375572,18
303858,53
363354,10749
363354,28
363354,35
322240,14
322240,35
322240,10751
356298,35
356298,18
326423,35
362478,18
362478,80
330483,18
330483,10749
205588,53
378483,35
378483,18
127380,12
127380,16
127380,35
127380,10751
320639,10749
320639,35
320639,18
142611,99
323676,35
381341,35
381341,18
333669,28
387252,35
387252,18
387252,10749
362682,10749
362682,35
325186,27
325186,35
316152,10752
316152,28
316152,18
316152,36
316152,53
153518,10751
153518,16
358644,18
358644,878
344593,27
316883,99
357313,99
373072,99
327536,18
327536,35
364088,18
364088,53
364088,27
390777,35
390777,18
376292,28
376292,878
391578,10749
392985,35
392985,10749
332411,28
332411,80
332411,18
332411,53
320586,99
384737,28
384737,80
384737,53
347938,18
347938,36
347938,53
300983,10749
300983,53
300983,18
300983,28
362150,28
362150,10751
280165,10749
280165,53
280165,28
330418,878
330418,35
330399,10749
330399,80
330399,18
330399,53
330399,35
320910,28
320910,35
320910,18
320910,10749
394374,80
394374,53
363178,28
363178,80
363178,53
353069,35
109453,18
311667,18
311667,9648
311667,53
364324,12
364324,28
364324,53
302401,18
302401,53
355008,35
394661,53
358895,18
358895,10749
387889,35
390520,99
392891,35
234004,28
234004,12
234004,16
234004,10751
323262,35
323262,27
334889,53
334889,18
314076,53
314076,28
257440,53
257440,18
257440,80
347945,53
347945,9648
347945,878
355890,10749
355890,18
386891,35
380254,18
380254,878
324271,99
331501,878
331501,9648
331501,27
331501,53
393877,10751
356900,18
356900,35
336026,18
348673,99
345664,35
345664,10749
290250,28
290250,35
290250,80
290250,53
366005,10402
366005,27
383121,28
383121,35
270010,35
270010,18
335053,35
355177,35
343981,99
371695,99
303360,53
303360,18
291264,35
291264,18
291264,9648
396152,27
361205,99
380111,18
380111,28
258509,12
258509,16
258509,35
258509,10751
362268,99
379500,99
332567,27
332567,18
332567,53
300665,27
383367,18
369058,35
369058,10749
369058,10770
389323,18
295273,28
295273,18
295273,10749
371451,27
334557,80
334557,53
315669,28
315669,18
391626,9648
391626,53
391626,27
354776,99
353125,12
353125,99
297239,53
297239,28
297239,878
319396,27
338381,99
297400,53
297400,9648
297400,18
290098,53
290098,18
290098,10749
241259,10751
241259,14
377432,10749
377432,10770
369052,10751
317114,35
317114,10749
315134,10749
317121,10749
317121,10770
267935,12
267935,10751
267935,14
371464,18
359871,99
334534,99
334057,99
223702,12
223702,16
223702,35
223702,14
283827,28
283827,35
385390,10749
385390,10770
387398,10770
387398,10749
387398,18
387398,35
381615,10770
381615,18
377428,10770
377428,10749
377428,35
374614,35
374614,18
374614,10749
374614,10770
374609,10749
374609,10770
374739,9648
374739,10751
374739,10770
374607,10770
374607,10749
374607,35
374606,10749
374606,35
374606,18
374603,10770
374603,10749
361745,35
352851,10770
352851,10749
346489,10770
346489,10749
311181,35
311181,18
311181,10749
389995,35
389995,10749
384798,28
384798,27
384798,878
371560,18
371560,27
334533,12
334533,35
334533,18
334533,10749
374475,35
374475,18
351454,18
381071,99
294368,99
346873,99
352733,18
370234,27
370234,53
385581,99
385371,80
385371,53
293670,27
293670,9648
375199,18
375199,28
364426,9648
364426,99
364426,27
337154,35
337154,18
395181,10749
325758,99
291805,28
291805,12
291805,35
291805,80
291805,9648
291805,53
390766,99
394812,99
370464,80
370464,28
354818,35
369820,35
388440,14
388440,9648
388440,53
388403,18
376916,18
339526,12
339526,16
339526,10751
382088,28
362699,18
396292,35
299782,35
299782,18
345069,53
345069,35
345069,27
339928,35
339928,18
339928,10751
375170,53
375170,27
330916,18
376549,18
376549,27
376549,9648
376549,53
332872,18
332872,10749
339397,35
339397,18
339397,10749
374473,18
353866,35
340746,53
310567,18
310567,35
109581,99
375599,28
375599,35
344854,53
344854,27
385379,99
311770,18
358907,18
323428,18
324764,53
324764,18
346469,18
346469,10749
347344,18
347344,53
347344,27
303636,18
321283,99
356218,18
347106,35
335683,18
363607,35
363607,10751
377290,18
381277,18
388468,35
388468,18
336885,10751
336885,18
373757,18
348675,18
342695,27
342695,35
335582,27
335582,18
324284,18
391617,18
391617,53
397914,10402
347031,35
347031,18
347031,10749
347031,14
347031,12
367416,18
367416,10402
378348,80
378348,35
339148,10749
339148,35
391778,18
389053,28
389053,12
389053,35
343140,10402
343140,18
363103,18
301804,18
301804,14
301804,27
301804,53
374458,18
322745,99
335409,10770
335409,878
335409,28
335409,27
391375,35
398289,28
398289,18
342464,18
342464,10751
374173,18
353989,18
356842,53
385320,878
385320,28
385320,27
376523,99
346384,18
361146,53
361146,18
308531,14
308531,28
308531,12
308531,35
257345,27
257345,53
318121,35
318121,18
293413,18
293413,80
397403,99
379220,35
322506,99
362247,18
341012,35
341012,10402
324314,99
398854,10770
398854,35
398854,14
398854,10749
356366,35
356366,18
356366,53
377158,18
350904,18
350904,14
330294,18
330294,36
330294,10749
364831,35
364831,99
309879,9648
309879,53
309879,27
400791,99
400791,36
353433,53
370260,35
347123,18
347123,36
347123,10770
400608,10402
400608,35
356329,99
259693,27
377823,18
377823,28
376261,99
364902,18
391757,18
391757,28
328429,53
328429,18
328429,878
245913,18
329750,99
395883,28
395883,878
366564,35
356332,99
389427,35
43074,28
43074,14
43074,35
339739,18
353610,28
168098,27
168098,878
168098,53
356334,28
363889,35
363889,27
355598,18
355598,27
355598,53
323372,18
323372,53
370687,14
370687,28
370687,12
373476,18
373476,9648
373476,53
300761,99
300761,10770
327040,18
397003,28
381080,10402
381080,99
297721,28
297721,80
297721,53
359790,53
343724,878
392961,35
392961,14
380225,18
380225,35
324181,99
345735,35
397517,18
397517,35
397517,10749
302699,28
302699,35
377462,99
399747,53
399747,10770
398535,53
398535,80
398535,18
400174,36
400174,18
324421,99
376263,99
376237,99
334670,99
335430,35
335430,18
267192,18
267192,36
377210,99
355786,35
355786,18
401442,35
400605,28
400605,27
377213,9648
377213,53
377213,18
324668,28
324668,53
323426,35
323426,18
323426,53
324820,18
337965,18
337965,99
337965,12
360606,10770
360606,35
384450,35
384450,27
384450,37
390592,35
390592,18
355254,99
393562,53
393562,80
352179,18
352179,53
392553,99
338063,99
258489,28
258489,12
316727,28
316727,27
316727,53
316023,35
278154,12
278154,16
278154,10751
278154,35
345911,27
345911,53
294272,12
294272,10751
294272,14
388191,28
388191,12
388191,14
328716,28
328716,9648
328716,35
328716,12
333386,37
333386,18
243752,10749
243752,35
367197,36
367197,99
369776,35
315439,18
315439,36
340611,18
337874,18
353571,35
353571,18
353571,10749
369228,35
367999,18
367999,35
356758,18
371942,18
371942,10770
359156,18
359152,18
343173,27
390512,18
332741,99
359412,28
359412,80
359412,53
317214,12
317214,35
317214,18
309882,99
369032,28
369032,80
369032,27
369032,53
346641,18
346641,9648
324794,18
324794,27
372411,35
399106,10751
399106,16
324322,10402
324322,99
330068,99
274504,28
274504,18
274504,53
360283,10402
360283,99
400121,28
400121,80
400121,53
398265,37
402877,53
337703,16
337703,18
337703,14
394047,18
378441,99
378441,18
400411,27
376233,16
376233,99
364051,18
349441,18
373479,10402
373479,99
373922,53
373922,80
373922,28
359641,10402
359641,99
357799,99
354275,18
384845,99
394499,12
394499,35
328387,9648
328387,12
328387,80
389425,28
389425,80
389425,53
363676,18
363676,36
371865,18
371865,35
377287,35
377287,18
361571,18
392817,18
338189,18
378813,18
378813,14
404022,35
385031,28
385031,18
385031,80
385031,53
376812,18
376812,28
262542,53
262542,878
262542,18
262542,9648
372297,18
372297,10749
405621,18
405621,10770
393834,80
393834,53
366514,35
366514,10749
328901,18
388862,53
388862,28
388862,80
388862,9648
316268,53
316268,27
316268,878
360249,28
360249,12
360249,18
368620,99
362876,18
361249,18
324300,99
349086,99
397278,27
397278,53
314837,36
314837,10752
314837,18
325789,80
325789,18
325789,53
308266,35
308266,80
308266,18
353216,99
345054,53
400668,99
401387,878
390880,35
405388,35
292277,99
368596,18
331393,35
331393,18
331393,10751
376501,37
376501,18
376501,53
373453,35
351809,80
351809,53
365997,99
382651,28
382651,9648
382651,878
356201,35
356201,18
392885,35
371738,35
371738,18
371738,10749
404829,18
404829,10751
298028,53
298028,28
298028,27
397873,28
397873,27
397873,878
403232,28
367816,99
347647,53
407036,80
407036,27
407036,53
369033,53
356626,28
356626,18
253343,12
253343,35
253343,18
332806,99
376426,99
373348,99
358430,35
353163,35
353163,18
278247,18
374052,35
374052,14
374052,27
374052,10749
382322,28
382322,16
382322,80
382322,18
352694,35
352694,10749
376659,35
338766,80
338766,18
338766,53
338766,37
310888,10749
310888,18
373473,18
377587,35
377587,27
330070,28
330070,27
330070,878
390734,28
390734,16
390734,12
390734,18
390734,14
390734,878
383869,35
388192,27
404073,35
404073,27
397365,53
347642,27
393184,53
393184,18
300669,80
300669,27
300669,53
378570,35
333846,10752
333846,18
403119,18
403119,53
403119,27
403119,12
380762,18
380762,80
380762,53
370178,27
340712,36
340712,99
391995,36
391995,99
407298,53
407298,80
407298,18
353732,53
388347,12
388347,28
388347,878
365709,9648
365709,80
368940,12
368940,16
368940,35
368940,10751
338079,35
334304,12
334304,10751
408140,27
408140,53
408140,35
369605,99
378607,27
378607,53
314420,18
314420,53
390584,80
390584,18
396395,10749
396395,10770
390989,35
390989,27
390989,878
382079,35
376660,35
376660,18
407789,99
393367,10402
393367,99
302323,10749
302323,35
302323,18
403130,53
403130,27
351339,36
351339,53
351339,10752
309886,28
309886,53
352695,18
352695,35
366656,16
366656,10751
394632,99
337674,18
337674,53
299780,18
299780,35
397520,18
397520,10751
397520,10770
399894,28
399894,27
399894,878
391477,80
391477,18
329024,99
399097,18
392554,35
392554,18
396535,28
396535,27
396535,53
368031,27
368031,53
376579,53
356901,18
403593,10749
403593,18
403593,10402
402446,18
402446,53
336455,18
336455,27
336455,878
407389,27
407389,53
384111,18
336265,28
336265,27
336265,878
306966,27
391088,99
373471,18
319998,18
402042,99
347757,27
347757,53
248781,27
310602,35
362736,27
381767,18
381767,27
278924,28
278924,80
278924,53
374471,10749
374471,18
355998,35
355998,18
355998,10749
369019,18
376482,35
332285,27
294795,14
294795,53
294795,9648
333484,12
333484,28
333484,37
407375,28
407375,18
407375,10752
407455,28
401123,53
401123,28
401123,878
319092,99
319092,36
404117,99
377516,35
377516,18
270774,28
270774,35
380856,35
308174,35
407613,35
376867,18
271706,10749
271706,16
271706,12
271706,14
348668,80
348668,18
348668,9648
348668,53
389868,18
389868,16
389868,27
228034,18
381044,99
330982,18
330982,27
330982,9648
358332,16
381356,35
213681,28
213681,35
213681,80
347763,18
347763,53
347763,27
393841,10749
393841,35
376651,18
300596,35
376581,35
392572,53
392572,10749
340213,28
340213,12
340213,27
404141,99
404141,10402
336220,99
347751,18
347751,27
313297,16
313297,12
313297,10751
381255,18
381255,10749
95610,35
283552,18
377264,27
377264,878
377264,53
317557,18
296524,18
296524,28
283366,18
283366,14
283366,12
346685,80
346685,18
346685,9648
346685,10749
346685,53
369883,10751
369883,35
302946,80
302946,53
302946,18
339927,35
343010,9648
343010,18
343010,53
380879,35
376847,10749
376847,18
376847,9648
381418,18
381418,10749
296865,18
296865,53
394051,18
394051,27
394051,9648
379887,10749
379887,35
382399,18
382399,10402
382399,10749
385962,53
385962,10749
394170,28
394170,18
391629,28
391629,10749
391629,53
317930,28
317930,35
373200,18
373200,28
373200,12
393441,35
393441,28
400247,10749
400247,53
347126,18
391779,35
391779,10749
366080,28
366080,80
366080,18
390437,35
390437,10749
406429,28
406429,14
402672,12
402672,18
402672,36
402672,10749
407887,36
407887,18
407887,10752
407887,28
358505,99
384641,18
384641,36
384573,99
378195,18
378195,10402
342588,16
342588,9648
342588,27
342588,878
346564,35
368942,18
407518,18
407518,10752
331583,18
331583,53
348677,18
267800,10749
267800,35
340485,18
403936,35
370664,80
370664,53
370664,27
378450,18
374003,99
374617,80
374617,18
374617,53
361069,18
361069,10749
378503,18
383064,18
339792,35
339792,10402
407897,99
375950,18
375950,35
383559,18
369443,53
381034,27
381034,53
336736,35
287982,99
363969,35
363969,18
357786,28
357786,16
357786,9648
357390,28
357390,16
357390,53
296917,878
296917,16
296917,28
412214,10749
412214,35
412214,18
357837,18
357837,10749
316784,53
316784,878
184341,18
407965,12
407965,99
358807,18
352890,18
352890,10749
360321,53
360321,27
356757,18
316074,18
333367,18
360809,18
360809,35
344906,28
366324,18
315011,28
315011,12
315011,18
315011,27
315011,878
394223,28
394223,10752
402331,28
402331,53
412678,28
412519,18
412519,10751
412519,10402
412519,10749
351242,35
351242,18
291351,18
352492,10402
352492,18
369202,27
395985,99
372058,10749
372058,16
372058,18
361705,16
373397,10402
373397,35
373397,10749
398633,35
380734,27
398137,18
398137,35
372640,18
372640,35
382873,18
377852,18
318277,36
318277,99
314404,35
314404,36
314404,18
364690,18
375573,99
336212,18
381691,35
381691,18
410965,35
356191,18
356191,27
356191,53
399814,35
351037,80
351037,18
411802,16
411822,80
411822,18
365339,878
365339,53
352582,35
390497,18
390497,53
381069,35
340487,18
392807,18
377273,18
390782,99
363841,18
363841,10752
363841,10749
347033,18
350839,53
350839,80
350839,18
341106,99
410537,27
394668,99
388256,35
388256,18
388256,10751
388256,14
388256,10749
388256,878
401294,878
329556,28
329556,80
329556,18
329556,53
413765,99
386501,18
386501,35
384021,18
320873,18
320873,35
321530,99
321530,12
406231,28
406231,99
414382,99
401650,16
360205,9648
360205,27
360205,53
324786,18
324786,36
324786,10752
317903,27
362430,27
408546,35
371449,18
325428,18
406052,10751
406052,14
406052,27
395479,99
395479,36
395479,10752
414827,27
395925,53
395925,28
395925,80
338544,99
392091,99
364615,18
364615,80
364615,53
370978,35
370978,10749
352164,18
352164,35
345661,99
406970,18
406970,10402
373889,35
373889,18
264729,10749
264729,35
393729,18
340945,28
340945,10752
408194,18
412660,18
381066,35
293767,18
293767,10752
405203,18
405203,10402
351211,53
351211,27
381018,53
325346,35
325346,18
304030,18
304030,99
391698,99
391698,10402
308529,28
308529,18
354859,36
354859,10749
354859,18
339419,18
339419,10749
346134,18
346134,35
339405,18
381058,99
284564,27
284564,53
414749,35
410199,878
410199,53
333678,10402
333678,35
333678,10751
333375,99
410876,27
410876,53
405040,35
355066,35
355066,16
355066,28
377151,99
405265,9648
405265,80
405265,18
385654,18
385654,35
359870,18
359870,35
329718,18
329718,36
355771,99
329639,35
390669,10749
390669,35
412093,10749
412093,18
352199,18
375167,35
393857,18
393857,53
365707,99
366864,99
347762,27
324174,18
324174,35
381028,16
381028,80
381028,99
376166,18
376166,10749
329802,53
347666,35
357540,35
357540,10749
357540,18
340677,80
340677,18
340677,53
403642,80
403642,27
403642,53
382892,18
360389,18
360389,10402
404461,27
296867,35
374464,18
374464,14
374464,9648
258230,18
258230,14
329865,53
329865,18
329865,878
329865,9648
414547,35
414547,18
391618,35
391618,10749
390353,35
390353,99
378379,36
378379,99
382143,18
382143,36
332210,12
332210,16
332210,35
332210,10751
374671,18
413011,99
413011,36
413011,10770
393134,80
393134,53
393134,878
413017,35
339116,28
339116,12
339116,35
339116,14
339116,878
339116,53
382511,35
374452,18
392812,18
409536,35
409536,18
376228,99
416867,35
325385,14
325385,18
336776,35
336776,14
336776,18
311215,35
311215,18
403434,53
375366,18
375366,27
375366,53
408537,35
408537,18
245627,27
245627,53
298583,35
298583,10749
388764,35
388764,28
388764,12
389396,18
389396,80
389396,9648
399300,28
276624,28
276624,878
276624,14
276624,27
377447,28
377447,35
377447,10752
408620,28
408620,80
410729,53
379300,53
379300,14
413198,12
413198,28
411268,28
411268,80
411268,18
393559,16
393559,18
393559,10751
387845,9648
387845,53
380007,18
412518,10749
414276,35
414276,10749
384664,18
384664,35
366885,18
339079,18
324307,99
416086,53
391486,28
391486,53
345924,18
345924,80
321779,35
321779,18
411009,99
295886,18
402529,18
402529,10402
363757,10749
363757,35
333884,18
414719,28
414719,53
411442,28
411442,12
411442,14
321497,9648
321497,18
321497,53
378087,35
356189,18
359483,18
413834,99
413834,18
375794,35
385736,12
376453,53
418979,35
326250,99
351232,18
388243,27
388243,53
376565,28
376565,18
382170,18
377492,10749
377492,35
411638,53
392820,99
396899,16
410936,16
336055,53
390376,35
390376,18
370203,99
352917,53
402612,18
402612,35
363383,80
363383,35
412437,18
412437,80
414771,35
395560,18
395560,36
395560,53
395560,878
381046,99
356335,99
393939,878
393939,35
393939,14
367544,10770
367544,10749
367544,18
317120,10749
367538,18
367538,10770
367538,35
355730,18
361261,18
361261,10749
361261,10770
338485,10770
338485,10751
392629,10770
392629,9648
325189,10751
325189,35
325189,10402
400190,10770
400190,10749
400190,10751
379992,18
379992,10749
379992,10770
393659,35
393659,10749
393659,10770
407171,10749
407171,10770
379990,10749
379990,10770
377431,18
377431,10749
377431,10770
344123,35
344123,10749
393656,35
393656,10770
393656,10749
396394,10770
396394,10749
343369,10770
343369,18
383256,18
383256,10770
383256,10749
324264,99
366017,35
366017,14
366017,10749
396289,10751
414762,18
414762,10770
414762,35
381063,18
381063,27
339967,28
339967,35
339967,18
339967,14
339967,878
390296,99
358808,18
371181,10770
371181,9648
407655,35
407655,10751
407655,14
407655,10402
410634,27
402193,28
402193,14
402193,53
408508,18
359373,53
359373,18
359373,9648
86822,99
86822,18
313369,35
313369,18
313369,10402
313369,10749
407806,99
334517,10752
334517,18
334517,53
401861,53
401861,18
377154,18
300672,18
300672,80
300672,53
404459,18
404459,10749
292834,35
348315,80
348315,18
348315,53
375315,18
375315,53
355111,16
355111,10402
355111,10751
377897,28
377897,16
377897,10751
403429,35
369885,28
369885,18
369885,10752
369885,10749
369885,53
340103,18
340103,27
381045,99
262848,878
262848,14
262848,27
413441,10770
413441,10749
283521,80
283521,9648
283521,53
415766,35
415766,10749
412851,18
417877,35
331642,35
394822,18
394822,10402
411736,28
411736,16
411736,35
324560,9648
324560,53
324560,37
207932,53
331313,28
331313,35
335796,27
335796,53
381040,35
381040,18
381040,10749
419147,99
368993,35
418772,35
410126,53
410126,27
364410,18
364410,878
389972,35
389972,10751
406992,35
136799,12
136799,16
136799,10751
376389,99
319093,37
319093,99
417026,35
413337,18
329697,99
333099,99
356895,18
301334,18
384683,28
384683,18
384683,53
374515,53
414610,53
286567,28
286567,12
286567,878
377276,35
386100,18
381073,35
381073,18
412924,99
412924,10402
359805,35
417028,35
417028,10770
402543,10402
402543,10770
402543,18
413440,10770
413440,10749
398891,10749
398891,35
412974,10770
412974,10749
414767,18
414767,10770
414767,9648
414767,80
370765,10751
330161,10770
330161,9648
348631,18
348631,10770
348631,9648
348631,80
403330,10751
403330,10749
420703,35
385737,53
332742,99
360284,18
402298,18
402298,36
422127,35
377448,10770
377448,27
377448,35
377448,10402
377448,53
377448,878
343611,28
316021,18
316021,9648
316021,10749
415078,99
291356,80
291356,53
291356,37
291356,28
421958,18
333072,27
333072,28
385722,10751
385722,16
346388,18
346388,35
348320,35
348320,53
315252,35
419771,9648
419771,35
419771,878
405656,18
405656,80
339894,18
421281,16
421281,18
421281,37
366887,35
421619,18
365267,53
365267,18
366696,99
326285,18
422514,27
421854,35
333318,35
333318,27
392058,27
392058,35
413770,10752
413770,16
413770,18
360029,99
339152,99
352094,80
352094,35
374461,18
410718,99
410718,10770
397514,18
397514,27
421851,99
381737,80
381737,18
381737,53
381737,10770
334541,18
334543,18
345918,18
345918,53
374440,18
300321,878
300321,27
403450,10752
403450,18
403450,35
415214,28
415214,12
407559,27
407559,53
397243,27
397243,9648
402536,16
402370,28
402370,53
319096,10749
319096,18
319096,10402
366269,99
419639,53
413279,35
413279,14
413279,878
353728,18
340684,10749
340684,18
338964,35
338964,80
338964,18
291413,27
291413,53
270007,28
270007,18
270007,53
345888,27
345888,14
419330,53
419330,12
419330,878
413471,35
413471,18
413471,10749
413361,99
355065,36
355065,18
348896,18
409160,10749
409160,35
340402,35
340402,18
340223,99
359151,10749
359151,18
423525,35
393445,18
393445,10749
333665,53
333665,18
385372,35
417936,35
417936,10749
417936,10770
358353,10751
358353,10770
352334,35
350846,18
415542,35
411025,99
369769,99
340484,99
340484,18
376386,99
393561,99
373480,99
376257,99
376234,99
376387,99
376534,99
393629,35
393629,99
350060,10749
350060,18
358924,99
362579,53
362579,27
336271,18
336271,53
336271,27
396004,27
394684,53
361777,36
361777,53
393158,10749
393158,53
417406,53
417406,27
393407,35
375082,35
375082,18
336445,35
406042,35
406042,10749
393603,18
370545,10751
370545,16
370545,12
411023,99
345920,18
345920,10749
352498,18
352498,10749
339396,35
339396,28
317938,18
358725,35
358725,18
346723,18
346723,35
323673,10770
323673,10749
419546,99
392142,10752
392142,35
423681,18
423681,36
322548,10749
322548,18
322548,80
421725,878
421725,35
421725,16
393764,35
393764,18
354979,18
354979,80
354979,53
408619,10402
408619,99
355338,16
355338,10751
411039,28
411039,18
411039,36
408270,53
408270,18
387801,878
387801,18
387801,53
387801,27
400387,18
400387,10752
347026,18
347026,36
413588,10402
413588,18
345725,12
345725,18
345725,35
408267,18
424182,27
367732,35
408151,35
416261,10751
313371,14
313371,35
313371,10751
375345,18
410259,18
410259,10751
316015,9648
316015,80
316015,14
410314,10770
410314,18
410314,10749
374319,9648
374319,10751
374319,10770
374247,10770
374247,14
374247,10751
329981,18
329981,53
352186,35
407172,10749
407172,35
362610,99
387558,18
383788,35
383788,27
413452,18
332794,12
401061,28
401061,35
401061,878
378064,16
378064,18
364111,14
364111,16
364111,18
395763,53
383807,18
402693,35
402693,18
396232,99
378480,99
393961,99
381685,35
403911,35
299641,35
376502,27
376502,99
396744,10752
396744,99
396744,18
396744,36
361251,18
413764,53
413764,18
340616,18
396330,12
396330,16
396330,28
277834,12
277834,16
277834,10751
354421,80
354421,99
345470,18
419471,53
419471,27
419471,9648
355506,27
421313,28
140491,18
140491,27
140491,878
376866,18
384682,35
363093,28
363093,12
363093,36
363093,53
346443,10402
346443,35
365942,10749
365942,12
365942,878
365942,18
330459,28
330459,12
330459,878
353979,27
353979,53
259695,80
259695,18
381288,27
381288,53
382653,18
381043,99
311764,35
311764,10402
384673,99
305943,18
305943,53
346672,28
346672,14
346672,27
427342,36
427342,28
427342,18
427342,10752
376290,18
376290,53
373442,99
291328,35
291328,18
291328,10749
346347,35
346347,878
414977,10749
414977,35
414977,14
422603,12
422603,35
422603,10749
402217,35
402217,18
402217,10749
411279,35
411279,27
411054,18
398786,80
398786,18
381374,28
381374,35
381374,80
386827,18
274870,12
274870,18
274870,10749
274870,878
381284,18
425498,35
359246,27
359246,9648
359246,53
347127,53
347127,27
412698,99
426634,99
393457,18
408203,18
344039,35
344039,18
332979,18
424889,16
404762,99
381041,35
381041,18
413052,80
413052,18
413052,53
371446,10749
371446,18
362974,53
362974,18
314946,12
314946,16
314946,35
314946,14
320413,35
320413,27
320413,53
342737,18
425553,35
425553,18
422874,80
422874,53
412329,99
406785,16
406785,35
418693,99
394423,99
418691,27
412213,18
412213,35
406431,99
389044,18
389044,35
389044,10749
345727,10402
345727,99
362884,10770
393731,18
362226,99
403357,10752
403357,18
403357,36
311324,28
311324,12
311324,14
401593,35
347870,35
429126,35
401060,53
413417,10749
413417,35
352490,35
352490,18
352490,14
352490,10749
310307,18
310307,36
409447,35
409447,10402
332746,99
380620,9648
380620,53
356305,35
411201,99
422469,99
335797,16
335797,35
335797,18
335797,10751
335797,10402
413543,18
413543,10749
413547,80
413547,53
365544,10752
365544,16
365544,12
323690,35
411019,99
393003,53
393003,18
400753,35
400753,10749
380013,10749
380013,35
380013,18
360022,9648
360022,80
360022,53
381935,18
381935,53
381935,27
340194,35
340194,18
411632,28
411632,80
411632,53
296288,35
324263,99
326256,10751
326256,35
326256,18
423377,18
423377,53
377275,35
377275,18
377275,10749
396965,12
396965,35
396965,18
380731,28
380731,53
334522,18
406125,35
406125,10749
391642,10749
391642,35
418990,35
320892,35
426958,53
425774,28
425774,18
425774,36
425774,37
408290,18
423093,18
341443,18
324440,35
324440,18
324440,27
397981,12
397981,27
349028,53
326247,18
326247,27
373841,878
369237,99
397552,80
397552,27
391039,18
391039,53
301339,18
392011,99
356156,35
356156,10749
374460,16
374460,99
363790,53
363790,28
391004,18
391004,10749
416251,35
416251,10749
416251,10770
365753,10749
365753,10751
416256,53
416256,27
418585,27
397717,18
323396,53
323396,80
323396,18
400547,35
385933,99
121856,28
121856,12
121856,878
381707,10749
381707,35
379441,10751
379441,18
381289,35
381289,18
381289,10751
381289,14
334890,9648
334890,18
393521,35
393521,18
360814,18
423733,878
315112,18
315112,9648
430514,10749
430514,35
430514,14
382127,18
324251,18
324251,99
324251,12
369594,18
369875,35
369875,10751
412467,28
412467,10752
412467,36
382906,10751
382906,18
347702,99
326253,10749
326253,35
195590,53
195590,28
338679,99
394176,99
403052,35
403052,16
415396,35
415396,18
390547,18
390547,35
388399,80
388399,18
388399,53
334524,53
334524,12
334524,18
352342,99
432132,18
411873,35
400329,27
430973,35
430977,27
421060,35
421060,10749
369299,35
369299,10749
342473,16
342473,10751
342473,12
342473,35
356461,18
392832,35
345922,35
262841,28
262841,35
262841,878
324542,28
324542,80
324542,53
340837,9648
340837,53
340837,27
340837,878
370964,12
370964,14
370964,10749
372490,53
372490,18
372490,80
403570,35
403570,18
403570,10751
431742,35
431742,12
431742,14
424014,35
356324,99
389630,18
394689,35
340481,53
340481,18
340481,80
382501,18
382501,10749
375872,35
404791,12
404791,35
369698,36
369698,28
369698,18
362058,10751
362058,16
362058,14
377691,18
377691,35
394759,12
394759,16
394759,35
394759,10751
394759,14
394759,10749
411656,18
404378,18
404378,10751
404378,35
47971,28
47971,12
47971,80
292280,27
292280,53
418688,99
395982,27
395982,35
395982,18
395982,53
395982,14
324849,28
324849,16
324849,35
324849,10751
324849,14
266882,27
266882,878
266882,53
335791,9648
335791,18
335791,27
417427,35
417427,18
417427,10751
377263,36
377263,18
377263,10749
352960,27
352960,35
352960,18
352960,14
429801,35
359093,99
382598,10751
382598,35
413837,18
417056,80
417056,18
417056,9648
417056,53
395278,99
384727,35
363689,53
363689,27
411088,9648
411088,80
411088,53
383785,9648
383785,28
383785,12
383785,35
392271,10752
392271,36
392271,18
392271,10749
401544,28
401544,35
401544,878
367613,35
328796,18
328796,53
328796,10752
374205,28
374205,16
374205,12
374205,35
423122,35
398738,99
256569,28
256569,18
256569,80
256569,53
382220,80
382220,28
381008,18
416211,99
416211,10752
412309,99
412590,36
412590,99
334679,99
412205,18
429238,10751
429238,80
409502,18
426808,10749
426808,35
345925,53
345925,878
394034,53
394034,80
408159,35
381021,99
396392,10770
396392,10749
393658,18
393658,10770
393658,10749
411081,10770
411081,10749
369054,10751
360365,35
360365,18
360365,10402
407335,10749
407335,35
412511,10749
369057,10749
369057,10770
400045,10751
424822,10749
427045,10749
427045,10770
420967,10749
420967,35
421623,18
421623,10751
421623,10770
421623,10749
410315,35
410315,10749
410315,10770
421626,10770
421626,10749
396616,10752
396616,28
396616,18
14564,27
367206,28
362584,16
362584,14
362584,9648
393519,18
393519,27
433244,53
381075,18
381075,53
257258,18
424661,12
424661,10751
378485,18
378485,27
378485,14
432959,35
382125,18
382125,35
428645,35
380622,18
358901,80
362202,80
362202,53
362180,18
362180,27
362180,878
362585,16
362585,14
362585,9648
227932,35
377847,35
411678,18
424782,18
424782,36
424782,80
424782,9648
424782,53
414937,9648
414937,18
414937,80
401222,53
401222,12
401222,878
401222,9648
324552,53
324552,28
324552,80
419430,9648
419430,53
419430,27
263115,28
263115,18
263115,878
293167,28
293167,12
293167,14
408626,80
408626,18
408626,53
180863,80
180863,18
399623,12
399623,99
399623,878
354282,878
362583,28
362583,878
362583,53
397837,9648
397837,18
397837,53
341006,28
341006,27
341006,53
362343,16
328216,27
328216,53
416477,35
416477,18
416477,10749
411741,18
411741,35
425591,35
425591,80
425591,18
425591,53
369778,35
369778,18
274857,28
274857,18
274857,14
408623,10402
408623,99
403605,28
403605,53
334532,18
241258,27
241258,53
362141,18
321612,10751
321612,14
321612,10749
433245,35
385261,10749
385261,36
385261,18
380124,35
380124,27
388235,99
295693,16
295693,35
295693,10751
408220,28
408220,16
408220,14
408220,878
408220,53
363807,35
376424,80
376424,99
268105,878
412203,18
341178,53
376003,28
376003,12
376003,18
421365,53
421365,9648
437253,18
437253,35
414392,99
418697,99
433086,99
383146,99
398818,10749
398818,18
173897,28
173897,27
173897,878
388791,35
394723,18
394723,10749
416680,18
416680,10402
362227,35
362227,27
416635,12
416635,35
437838,18
414779,80
414779,28
414779,12
414190,28
414190,80
414190,878
414190,53
435921,35
418378,35
418378,18
382212,99
325373,18
325373,10749
333358,35
408272,35
408272,18
428449,18
428449,14
428449,10749
315837,28
315837,878
315837,53
371445,9648
371445,18
391955,28
391955,18
398792,12
398792,878
398792,53
328840,18
328840,99
429698,28
429698,35
429698,80
396920,18
396920,35
437752,35
380623,18
380623,53
374251,16
374251,10751
382595,18
382595,10749
419371,27
297160,27
382602,53
382602,27
393695,28
393695,18
393695,35
413882,18
413882,10749
381090,99
380592,99
341174,18
341174,10749
346681,18
346681,35
389272,12
389272,10751
389272,9648
401513,18
401513,10749
401513,878
426830,35
417321,35
417321,28
417321,16
439121,99
420245,27
334535,18
393263,16
389677,16
355930,18
340584,18
340584,53
356500,53
381645,28
381645,18
352885,18
360924,28
360924,12
360924,53
431567,53
431567,18
431567,9648
262982,28
262982,18
262982,53
226268,28
226268,35
392660,18
392660,14
392660,10749
331588,35
331588,18
331588,10751
299822,28
299822,14
299822,10749
429199,35
429199,18
434178,99
438643,10751
438283,18
438283,80
411221,16
411221,10751
434234,35
437372,99
408509,18
425942,9648
425942,18
425942,80
425942,53
393079,35
393079,18
435351,35
323695,10402
399417,10749
399417,35
399417,18
430780,35
430780,10402
386830,10749
386830,35
345009,53
345009,10752
366104,18
437122,18
437122,878
366502,9648
366502,53
431244,12
431244,18
431244,10749
381011,18
426580,9648
426580,35
426580,53
426580,878
426580,14
428074,10751
428074,18
428074,35
288710,80
288710,18
288710,53
358926,53
358926,18
354379,99
324326,35
390357,35
390357,18
390298,99
423367,53
417503,35
417503,28
431458,35
431458,10749
415358,53
415358,18
434711,10402
434711,99
407588,99
346239,35
406385,28
406385,35
406385,80
343018,18
343018,35
382883,18
427680,10749
427680,53
388907,10749
337844,18
372754,16
363126,9648
363126,53
363126,18
363126,27
436279,18
417004,53
417004,28
394269,10402
384289,99
363007,18
380282,35
380282,18
380282,36
380282,10749
397093,99
385114,99
424722,18
385761,99
320318,53
416688,53
416688,18
416688,878
364379,27
388410,27
359245,53
338387,35
338387,18
376252,10749
376252,35
330947,18
330947,10402
330947,10749
401104,18
346650,35
346650,18
430158,18
437220,16
437220,80
377362,9648
377362,18
377362,14
377362,27
381064,18
381064,53
439107,35
398541,18
429838,53
429838,9648
357424,35
357424,18
357424,10749
336972,99
379019,35
334307,18
371459,18
432799,80
432799,18
432799,9648
432799,53
428493,10749
428493,18
429191,18
436339,18
429732,18
437623,18
422972,28
362409,35
362409,27
362409,10749
371447,18
371447,10749
432883,35
425003,35
416290,35
415032,35
356381,18
443113,35
438597,28
438597,12
438597,878
438597,18
438137,99
358962,53
358962,27
358962,9648
423246,80
423246,27
423246,53
359029,53
431093,10749
431093,35
410970,10749
410970,18
196359,18
380058,35
380057,35
377446,35
379008,35
399802,35
383567,35
388624,35
390837,10402
390837,35
380061,35
390991,35
392386,35
394415,35
394063,35
396109,35
399938,35
399810,35
399932,35
399811,35
422559,35
422551,35
415730,35
414743,35
415725,35
415735,35
418992,35
429779,35
422878,35
422500,35
421552,35
418985,35
421556,35
425841,35
425002,35
429788,35
429792,35
429389,35
429797,35
428355,35
429392,35
378446,18
382597,28
382597,35
379371,28
410661,16
396263,28
396263,16
396263,27
396263,878
417263,18
417263,10770
408438,18
272820,18
348611,18
348611,10770
244117,18
395531,99
332491,18
393765,18
393765,10749
440047,35
361475,18
361475,10749
361475,10751
397992,10751
397992,18
361018,10749
361018,18
352205,18
433056,99
384581,18
414910,27
427409,16
399219,35
399219,16
441043,16
441043,35
441043,878
427416,18
427413,18
328327,35
319971,35
322785,35
323688,35
355984,35
429803,35
326553,35
327953,35
329286,35
323552,35
337405,35
338689,35
350762,35
399798,35
340785,35
342546,35
345176,35
346473,35
348601,35
352036,35
355335,35
359244,35
360408,35
360408,10402
359459,10770
359459,35
366692,35
361750,35
362988,35
422548,35
362108,35
422550,35
376599,35
368999,35
369665,35
357600,35
369796,35
371347,35
374174,35
371084,35
400001,10749
375355,27
375355,53
336000,18
393732,18
393732,53
427451,99
427451,36
378018,9648
378018,27
378018,878
443007,18
443007,53
363618,53
363618,878
363618,28
351097,35
351097,18
405204,18
390409,99
433082,18
433082,36
433082,10752
381009,18
381009,35
434661,27
434661,35
410988,28
410988,27
371463,18
345909,18
340101,10749
340101,10752
340101,35
340101,18
433356,10749
433356,18
433356,10752
410117,18
354285,9648
354285,18
340676,18
340676,9648
340676,53
403252,35
403252,18
356401,18
403114,16
403114,18
371504,80
371504,18
371504,9648
371504,10770
393443,99
422960,99
416499,10402
317560,18
317560,35
327231,35
416166,53
352845,10770
352845,18
352845,10749
430128,35
400610,27
400610,53
393949,99
434616,18
434616,35
399173,28
399173,80
399173,53
283378,18
283378,14
283378,10749
261461,35
345938,18
345938,14
334939,10751
334939,12
422715,9648
422715,27
422715,53
408550,99
395992,27
395992,878
395992,53
405882,14
405882,27
403867,28
403867,80
403867,10749
366499,12
366499,35
445602,27
384452,18
384452,27
384452,53
434336,99
314095,28
314095,12
314095,18
314095,36
347882,18
347882,53
347882,28
347882,878
382474,35
419037,35
382591,18
382591,35
381347,99
367147,9648
367147,18
391975,27
391975,878
391975,53
434724,18
434724,80
423536,27
390930,18
305470,28
305470,12
305470,878
126889,27
126889,878
126889,53
419522,35
334521,28
334521,35
334521,80
334521,53
381015,18
381015,10749
296082,99
296082,10402
430826,99
436334,18
387886,10751
387886,18
402423,18
410694,18
410694,10751
400014,18
387700,18
387700,10402
444513,35
323788,9648
419747,27
419747,35
439695,35
439695,18
371899,18
351863,53
351863,878
351863,18
347413,28
347413,16
347413,14
347413,35
401546,18
401546,53
424634,35
424634,80
424634,18
443053,80
443053,18
388202,28
388202,80
388202,53
405473,10749
405473,18
405473,35
437031,10752
446048,35
405670,14
405670,18
441168,18
392207,53
355277,99
356200,18
408219,80
408219,9648
408219,53
412302,53
421962,16
392790,18
440767,35
371741,18
371741,10749
409366,28
409366,53
409366,878
413778,35
444705,35
430156,10402
430156,99
408435,18
416569,18
444193,27
331485,36
331485,99
331485,10751
343887,99
356294,99
403163,35
396810,35
396810,18
417644,28
417644,35
417644,80
353569,35
353569,18
353070,80
353070,35
353070,18
286538,18
286538,878
286538,53
398929,35
444706,35
352501,35
431937,10749
431937,18
431937,35
345003,18
428687,18
428687,35
428687,80
447758,878
447758,35
447758,99
396643,14
396643,28
396643,12
380075,18
401743,80
401743,18
329135,18
329135,10751
329135,10749
389292,99
403390,10752
403390,18
403390,36
403390,10749
406204,35
406204,18
418718,35
418718,18
418718,10749
362617,18
227964,35
326198,18
397415,28
397415,53
413658,28
413658,12
420648,27
420648,53
420648,35
342684,878
342684,53
334299,35
334299,10749
359413,35
343809,18
353725,18
364060,18
364060,35
364060,80
364060,53
429450,53
429450,18
429450,28
363056,18
137116,12
137116,16
137116,35
137116,10751
376134,18
376134,10749
376134,878
376134,53
410348,35
429662,18
429662,36
446076,9648
446076,53
289222,18
289222,36
440777,18
440777,28
305642,18
410205,99
413927,16
430419,28
430419,878
331392,27
331392,9648
331392,53
400928,18
399615,53
399615,27
399615,28
408647,878
408647,16
408647,28
364830,99
449674,35
394645,53
368006,28
368006,878
368006,53
449863,99
390051,18
390051,53
425716,35
425716,80
425716,18
283591,18
445727,35
424998,18
342472,18
342472,10749
322487,12
322487,16
322487,35
322487,10751
322487,878
417678,18
417678,10749
417830,35
417830,10751
436340,18
381449,9648
381449,18
381449,878
412120,18
412120,35
428356,28
428356,14
440642,12
440642,18
440642,36
392882,18
339846,28
339846,35
418437,18
418437,53
373569,28
373569,35
398390,16
282035,53
282035,28
282035,12
404584,28
404584,27
348375,16
348375,18
415665,18
401484,10749
401484,18
401484,35
403509,9648
403509,53
337339,28
337339,80
337339,53
382509,35
382509,18
440249,99
426265,18
409550,9648
400114,35
400114,18
421443,878
392124,18
419700,35
333354,28
333354,12
333354,80
333354,18
333354,53
385805,99
398649,99
390582,18
390582,27
390582,878
390582,53
370722,10749
370722,80
370722,18
370722,9648
370722,53
392818,27
392818,18
407757,18
407757,27
407757,53
386172,53
386172,27
386172,878
381032,35
381032,27
397442,35
268531,28
268531,16
268531,35
268531,10751
346034,10751
346034,35
426230,35
418078,27
418078,9648
418078,53
424488,18
424488,10752
413998,18
413998,10749
347627,35
394770,18
394770,80
260514,10751
260514,35
260514,16
260514,12
359784,18
359784,36
359784,10749
400136,28
400136,12
400136,16
400136,27
400136,9648
400136,878
431071,35
413648,18
413648,35
348893,53
348893,28
348893,80
324572,18
445993,28
432364,27
378221,35
378221,10751
435737,10751
435737,14
435737,35
382614,53
382614,18
382614,80
420714,99
378108,16
378108,18
425751,18
361617,28
411013,99
428950,99
375898,35
375898,18
405775,18
405775,53
405775,10752
345906,18
345906,35
440508,28
408374,18
408374,35
450768,53
443319,27
443319,9648
443319,878
435707,18
435707,35
424600,18
442640,99
418969,10770
418969,10749
418969,9648
399217,18
399217,10749
436769,99
412202,18
333384,18
410212,53
390883,27
390883,878
390883,53
401689,12
401689,14
401689,28
271404,28
271404,878
321757,35
380754,28
380754,80
380754,53
412766,27
412766,9648
412766,53
425134,35
426264,18
426264,35
430830,99
403431,35
403431,18
358694,99
451709,35
412209,35
412209,10749
450945,99
413349,18
425487,28
425487,18
425487,53
425487,878
390054,18
390054,10752
445605,35
413782,99
443297,28
443297,878
443297,12
333295,99
397549,35
340053,99
402455,18
366759,12
366759,28
366759,35
382518,35
409297,18
409297,27
430263,35
347979,35
347979,10749
435366,28
426166,18
426166,35
363579,28
363579,18
363579,36
363579,53
430413,35
428398,28
428398,12
428398,14
413953,18
291276,28
291276,53
301372,18
301372,9648
301372,10749
301372,53
411405,18
411405,35
411405,53
411405,80
255160,35
255160,18
427095,18
453596,35
390396,99
402223,10749
402223,35
345306,35
424322,35
373838,35
442949,28
413391,35
411024,99
393172,18
393172,9648
393172,53
348389,28
348389,53
377274,12
377274,18
405050,53
426253,35
350312,28
350312,12
350312,36
350312,10752
366143,10751
366143,16
441483,18
441483,53
447352,878
444066,99
455601,35
439998,35
369697,35
369697,53
369697,18
371859,18
371859,36
430161,10749
430161,18
455188,27
203835,53
203835,27
399019,18
399019,37
452166,99
339403,28
339403,80
387426,12
387426,18
387426,14
387426,878
363690,53
363690,27
363690,28
402976,27
402976,35
445916,27
387399,18
387399,27
387399,53
289269,28
289269,53
322148,35
322148,27
389578,878
389578,28
371833,18
371833,27
331641,18
382200,35
397422,18
397422,35
399612,878
339161,99
401698,18
381518,35
398798,35
398798,27
450530,10770
450530,18
450530,878
447818,99
417820,18
417820,10402
417820,10749
417820,10752
323925,99
371465,18
383538,878
383538,28
383538,53
444713,28
430423,9648
430423,18
430423,53
330628,28
330628,53
330628,878
408439,80
408439,18
408439,27
408439,53
332280,28
419428,10749
419428,35
447113,10751
447113,16
360404,16
360404,10751
413736,16
413736,10751
324963,16
324963,10751
324963,14
406099,35
406099,9648
406099,28
406099,10749
406099,12
395452,18
395452,12
426256,18
429174,18
391663,18
391663,36
406449,10752
406449,18
406449,36
426670,18
426670,10751
421758,10770
421758,18
387938,35
446493,10749
446493,10770
402582,35
456348,99
395965,99
309739,10749
309739,35
338517,18
338517,10752
438635,99
369524,35
408381,18
408381,53
416987,35
416987,18
416987,10751
411005,18
411005,80
411005,35
411005,53
416127,27
340215,18
340215,53
425488,18
425488,80
401065,27
424145,18
424145,10749
424145,35
347786,18
390293,99
416951,99
338227,35
349177,35
325111,10749
325111,35
411518,35
411518,99
387999,35
347630,35
394045,35
317925,35
390059,35
390059,10749
383001,18
383001,10752
429070,18
429070,10749
429070,53
332512,10751
332512,35
347382,10752
347382,18
302150,28
302150,53
398920,35
429107,35
429107,18
425931,27
448448,99
214256,27
214256,9648
214256,53
456781,28
425961,28
425961,80
425961,18
324852,28
324852,16
324852,12
324852,10751
324852,35
408292,18
361597,10752
361597,18
351067,28
351067,35
351067,12
351067,53
351067,27
376391,10402
376391,99
333667,12
333667,16
333667,35
333667,10751
333667,10402
413762,18
381054,35
349138,27
401164,18
415132,18
415132,53
415132,878
384371,35
456187,18
288977,18
438446,99
424208,18
424208,53
390319,99
406107,27
406107,53
406808,18
439154,35
439154,18
402907,28
402907,35
375183,18
375867,18
375867,10749
363992,80
363992,18
363992,36
363992,10770
400465,35
400465,16
416445,35
416445,28
416445,16
409421,28
409421,16
409421,18
409421,27
409421,878
449503,28
423988,878
316154,53
316154,10749
316154,878
392788,18
452142,10770
452142,80
452142,9648
452142,53
281338,18
281338,878
281338,10752
357530,53
412818,53
414455,18
414455,35
371743,18
293768,18
293768,53
452413,35
452413,10749
351868,27
351868,53
368342,80
407575,18
329255,99
450225,18
450225,35
391709,18
341689,35
341689,10402
341689,10749
341689,878
396398,35
354287,35
354287,18
354287,10752
358083,18
347760,35
347760,27
347760,53
329013,53
329013,18
329013,27
425383,99
438493,99
438493,35
454361,35
456193,35
413579,99
369894,18
412363,35
412363,10749
447061,10770
447061,35
447061,10749
448449,10402
448449,99
339964,12
339964,878
339964,28
327253,27
327253,878
327253,28
423360,28
423360,18
431714,10402
431714,99
390410,99
452372,10770
452372,99
433878,99
412280,12
412280,14
412280,878
447236,10749
447236,12
447236,18
447236,36
354296,53
354296,35
354296,9648
431251,10749
431251,53
431251,35
356167,10402
356167,99
458808,99
381070,18
381070,10749
382475,18
337747,18
337747,10770
337747,37
458310,35
392734,99
400552,35
372355,18
334681,99
352202,99
360592,10749
360592,18
360592,10402
459295,35
381096,16
381096,99
413666,18
413666,10749
330333,35
330333,18
330333,10749
430988,27
430988,28
430988,14
430988,53
418787,99
449012,99
449012,10770
401359,18
401359,27
401359,53
382589,35
382589,10402
76812,53
430448,80
430448,99
327982,18
453053,99
377278,18
377278,35
379959,18
379959,35
353406,18
353406,16
402919,80
402919,99
412059,18
436305,99
378111,12
378111,16
390587,53
383526,80
383526,18
367966,99
408616,18
419192,99
392794,18
326011,10752
326011,28
326011,18
326011,36
456098,35
456098,28
456098,12
391700,35
457307,9648
457307,99
340027,18
436994,878
436994,53
452068,53
451644,12
460024,12
460024,878
448763,10749
426469,35
426469,10751
426469,18
356752,18
415137,10749
415137,35
415137,18
457962,53
457962,80
457962,18
457962,9648
384160,18
445224,28
445224,80
445224,53
357851,28
357851,9648
357851,18
357851,80
357851,53
357851,14
360737,18
360737,10751
405671,35
405671,18
406990,878
406990,53
387805,53
387805,18
413644,16
413644,35
433945,28
433945,18
433945,27
433945,53
436343,18
436343,10749
341013,28
341013,53
315196,18
455043,28
455043,36
456101,18
456101,27
456101,9648
456101,53
435821,18
431391,99
339987,18
360007,27
360007,35
336890,35
324631,35
324631,18
374720,28
374720,18
374720,36
374720,53
374720,10752
411717,28
458298,80
458298,99
458298,18
434758,53
434758,18
434758,9648
345915,28
345915,35
345915,53
439502,99
461805,99
432602,99
461955,28
461955,878
436932,28
436932,18
381024,99
354534,27
431261,18
455963,99
429713,14
429713,27
429713,53
429713,878
338546,9648
338546,18
434119,28
434119,18
434119,35
443700,28
443700,53
349948,53
428612,99
387929,35
387929,27
368051,27
459802,16
459802,35
459802,878
382217,10749
382217,14
382217,18
437311,18
437311,878
437311,10749
419386,53
419386,27
366170,12
366170,16
403368,27
403368,9648
403368,53
422472,27
411012,99
461615,878
461615,16
393368,99
411007,99
335988,28
335988,878
335988,53
335988,12
408543,18
314952,35
455968,99
413785,99
399790,18
399790,53
399790,10752
410118,12
410118,53
332788,10749
332788,35
432607,99
441881,18
441881,36
441881,10752
448847,80
441728,10749
441728,35
430058,35
347855,27
347855,9648
347855,878
416691,18
416691,10749
460822,35
457470,9648
408024,18
381507,27
381507,18
381507,10751
421928,28
421928,35
326446,27
326446,9648
453354,18
412105,53
412105,10749
412105,18
430598,53
424643,27
446345,10749
446345,35
429200,18
429200,53
429200,80
412758,28
412758,35
412758,27
331110,18
331110,80
331110,53
436882,10749
436882,18
445840,35
438081,35
438081,18
449742,53
449742,18
427673,35
453008,99
345489,18
345914,35
449758,10752
449758,99
440143,10749
440143,28
440143,12
440143,35
440143,18
433054,99
381519,28
381519,16
381519,878
438634,18
438634,10751
436352,18
459928,53
382455,18
373546,18
381019,99
269795,18
269795,53
398924,18
436450,99
394260,18
352494,35
463800,28
463800,878
463800,10752
462026,99
363925,28
363925,53
461088,10751
461088,18
461088,35
412204,18
390526,18
390526,35
390526,10749
428501,99
432615,99
433067,99
359749,99
430834,99
415086,99
433084,99
422842,10770
422842,9648
313943,878
455675,37
345916,18
353491,28
353491,37
353491,878
353491,14
353491,27
458335,18
369406,878
444935,35
444935,18
444935,10749
290283,10749
290283,18
290283,80
351192,10752
351192,18
440266,28
440266,80
440266,36
433630,53
433630,18
417489,80
417489,35
417489,28
460846,28
394185,35
404733,53
404733,28
348391,35
348391,18
382751,18
382751,28
382751,80
401132,28
401132,878
405446,18
458506,35
458506,10770
444902,10402
444902,18
444902,10749
444902,10770
408755,53
408755,27
408755,18
355193,878
355193,53
465044,14
465044,18
390747,99
413049,99
422005,35
422005,10751
393945,18
464207,99
415892,35
378236,35
378236,10751
378236,16
407531,27
407531,53
463906,28
463906,12
463906,80
440708,35
403011,99
442750,35
395834,28
395834,80
395834,9648
395834,53
461634,35
428495,53
428495,18
431435,35
431435,80
339692,18
339692,80
339692,53
389627,16
375798,35
442087,35
462108,35
429101,878
461053,28
461053,80
461053,53
345438,35
345438,10749
346225,18
333097,99
415633,27
429524,28
429524,878
429524,53
421126,10751
421126,35
421126,16
421126,14
421126,12
383743,18
365451,10749
365451,35
365451,18
412669,28
412669,35
464111,27
464111,878
385305,99
440597,14
440597,27
440597,53
417870,35
419459,35
407448,53
407448,80
407448,18
407448,36
414453,18
329005,99
384594,53
384594,27
412103,35
412103,80
438665,99
437830,53
411516,99
403667,35
403667,18
459950,18
454774,18
454774,10402
454774,10749
433410,35
429039,99
423453,12
423453,16
423453,35
423453,10751
451955,53
410554,28
410554,53
390343,99
450875,99
417320,10770
417320,10751
417320,28
417320,35
417320,10402
417320,12
407803,99
373247,35
458618,99
458618,10770
277839,35
454787,35
433471,16
383216,99
432025,18
383618,12
383618,10751
358511,35
358511,18
401408,99
366505,35
366505,18
434166,35
434166,18
434166,10752
435473,80
435473,18
435473,53
430365,35
395767,53
248705,35
374764,18
460135,16
426272,35
426272,80
413421,14
413421,35
413421,10749
413421,18
432789,10749
432789,35
434873,35
434873,27
434873,18
370213,99
445126,10749
401687,10770
401687,10749
468707,10749
468707,35
461297,80
461297,35
461297,28
461297,10751
365432,9648
365432,18
365432,53
365432,27
455661,10751
455661,16
455661,10749
455661,35
327237,18
404604,80
404604,18
404604,53
420346,35
420346,18
