movie_id,collection_id
862,10194
15602,119050
11862,96871
710,645
21032,117693
9273,3167
8012,91698
9598,9435
9312,9818
10530,136214
11525,124935
10634,43563
755,10924
9102,122017
10874,256377
27793,91430
9737,14890
414,120794
5894,439053
8839,8819
8068,9649
1572,1570
13552,259398
9073,9328
9070,286162
1642,328073
11980,9068
10802,247294
10149,439053
9348,9887
3512,112399
50797,23170
76,123800
2292,182813
8467,96665
15789,410261
628,217704
11,10
63105,286948
527,300546
18220,48188
110,131
108,131
109,131
22586,144200
11395,53159
9059,115142
193,115570
3049,3167
9331,192492
9495,9436
888,351684
8587,94032
11596,8581
854,43072
36593,37139
11011,167985
1637,43064
8831,170452
11667,261203
75555,439409
8011,8050
2758,11716
9409,162028
306,85861
11310,150156
24257,252313
1634,9328
5503,134011
2019,412680
9255,52988
16097,159600
329,328
11231,8580
5550,5547
11236,462565
8850,105075
78,422837
9066,224478
771,9888
812,86027
280,528
268,120794
274,9743
10020,153010
10824,98580
25059,43058
11827,141086
8766,8917
19042,140910
954,87359
8840,169452
25087,36694
5801,158391
896,158391
8072,144146
20762,143766
11687,52888
9323,23026
532,529
10547,116661
77771,303969
627,424202
602,304378
10545,97456
9327,86028
12606,224478
10546,9436
9431,115142
10061,115838
238,230
11134,269098
38955,269098
19004,19163
10987,91361
62,4438
3529,47814
10331,261590
39448,242765
10680,10709
18660,87232
35115,181496
14821,90348
14136,12087
10869,12087
19186,216395
6878,43058
15944,294519
11224,55419
15947,271668
10948,100970
11229,355490
562,1570
10163,124935
11238,86027
88,86058
8491,118221
402,86336
25750,115225
11843,937
1103,115838
11298,174218
4480,39460
4481,39460
531,529
36555,153948
11455,33071
1891,10
85,84
679,8091
429,48317
1892,10
348,8091
766,1960
539,119674
525,112636
240,230
530,529
9277,330605
218,528
829,359005
765,1960
105,264
8009,8050
756,55427
11314,173344
89,84
8077,8091
41671,397842
27214,397842
52263,397842
33519,397842
16235,397842
11449,397842
41848,397842
8851,422193
229,218406
9529,98580
7340,257053
377,8581
794,10919
145,498
199,115570
9279,307637
17204,105629
11674,124916
1573,1570
152,151
174,151
172,151
154,151
157,151
168,151
364,120794
11967,9329
9086,9329
621,86083
9037,86083
8845,112399
578,2366
579,2366
17692,2366
4232,2602
34314,166379
9404,269098
14908,393564
11419,108693
10003,86224
11844,207952
6499,286162
9360,105995
816,1006
49478,174407
1811,259398
330,328
33660,331475
1639,43064
415,120794
17991,182923
607,86055
9387,43055
10603,126221
20737,97445
18519,9328
4961,10721
1669,192492
9437,142680
10351,135489
3597,3601
1281,103372
563,10522
9823,9818
8078,8091
42832,372479
9714,9888
4233,2602
714,645
9922,351886
32302,71458
9033,9068
11568,112636
11808,134011
617,33059
17644,350402
27472,221966
10216,9887
9771,97771
37410,378453
10674,87236
846,19387
3050,3169
944,945
1051,155474
1366,1575
10014,8581
10072,8581
10131,8581
10160,8581
11284,8581
4488,9735
9725,9735
9728,9735
9730,9735
9731,9735
10225,9735
10281,9735
10283,9735
948,91361
11281,91361
10676,91361
11357,91361
11361,91361
36599,123255
39929,123255
41828,123255
41769,123255
10585,10455
11186,10455
11187,10455
609,10453
11133,10453
10306,10453
9552,12263
11586,12263
11587,12263
941,945
942,945
943,945
927,89151
928,89151
9342,1657
165,264
196,264
551,372257
17984,294468
22328,87232
3170,87250
242,230
29228,297143
11164,10709
12129,12087
14140,12087
11158,72119
9354,72119
9325,97459
10340,97460
10144,33085
10414,10709
10437,256377
12230,100693
10693,55422
11135,57971
11319,57971
14822,90348
15969,86027
15943,294519
19762,294468
2619,248126
97,63043
11675,91361
87,84
123,141290
10823,115225
11497,140910
2907,11716
15171,263193
11704,141292
4978,8783
10380,8783
11415,102782
37530,102782
8393,87805
11937,87805
21661,97445
39930,143755
10692,143755
805,264338
34584,91430
34636,91430
2182,47983
36647,735
431,432
2109,90863
9877,52760
1091,479888
4437,4438
11932,10455
9945,348843
4518,100286
3600,3601
12223,374384
14444,57129
1678,374509
39256,374511
1680,374509
244,135495
10730,135498
31947,135498
9749,104833
14628,104833
9626,43055
707,645
9336,9338
10157,9338
12118,9338
10587,9338
11825,9338
11895,9338
9447,9435
200,115570
1369,5039
1368,5039
1370,5039
10303,89264
9326,89264
10328,86307
11285,86307
1367,1575
1371,1575
1374,1575
1375,1575
1885,8580
8856,8580
10495,8580
5825,108693
6917,340623
40729,340623
11815,123213
9426,109609
10344,109609
30497,111751
16337,111751
25018,111751
16780,111751
9671,9332
9396,9332
11873,387219
8224,387618
8913,10789
10906,10789
25748,115225
25749,115225
10671,33938
27932,33938
7227,33938
33518,124934
2362,166698
871,1709
1685,1709
1705,1709
1688,1709
1687,1709
29723,33938
31638,372257
9535,110127
796,52789
7341,257053
603,2344
564,1733
9460,205860
1893,10
15849,221544
18990,138965
29242,221544
29243,221544
31498,221544
29239,221544
1924,8537
8536,8537
9531,8537
11411,8537
138,221539
30793,221539
3103,218406
3035,218406
3077,218406
3074,218406
3076,259027
3079,123720
32023,221539
13666,259027
29794,174218
36685,281644
17918,87228
817,1006
37135,106768
2105,2806
10239,104068
10208,256377
2667,64750
9825,97768
620,2980
2978,2980
332,237445
147,185682
9710,135502
10766,10919
10768,10919
813,91663
2665,91663
11418,108693
11153,108693
11077,180854
28597,180854
850,201873
10366,10713
9349,10713
11037,123251
11955,123251
2038,123251
28737,123251
91893,189295
11601,143757
11797,98168
18086,98168
10975,146136
10974,146136
9638,47770
10576,119674
12662,119674
11230,12203
1654,124492
658,645
657,645
646,645
5689,59586
391,48317
772,9888
65448,380822
65452,380822
29064,122947
10496,381396
16162,243598
15247,89188
29251,391047
5548,5547
5549,5547
699,645
709,645
253,645
660,645
11377,248339
18111,98036
16281,107725
16288,107725
1694,98036
24831,212279
37853,398740
14035,48037
40771,48037
40772,48037
40773,48037
10228,34055
11663,207952
9264,48188
18222,48188
20565,95051
36643,645
863,10194
32669,359005
10402,95664
25188,135509
15515,321063
10137,99727
49948,55427
10471,43563
14919,421904
2005,103573
6279,103573
8872,8979
8873,8979
9869,192492
9367,9649
16562,110179
4234,2602
9605,338282
8374,87186
25934,327598
2787,2794
2069,103577
10839,93568
838,124950
11176,256377
11899,256377
9532,8864
13939,14377
14373,14377
24873,14377
26263,14377
34746,14377
1498,1582
1497,1582
1499,1582
11690,36694
11520,119050
990,387219
11478,8647
11356,221966
17339,366826
26879,338327
13665,170754
12309,466318
106,399
1359,86105
10557,159616
11977,104847
9456,9436
889,351684
452,498
39283,256484
65460,256484
55667,256484
12476,175858
16395,127280
5608,342009
10560,246839
5683,179244
14906,271668
9285,96679
955,87359
8584,59567
668,645
691,645
698,645
682,645
9600,44979
21,252313
10911,366826
26912,123726
26278,123726
26953,107949
26954,107949
26956,107949
26957,107949
26958,107949
26959,107949
26960,107949
23069,424830
21299,424830
38802,424830
21137,157671
36724,157671
938,48317
10648,10456
10246,109592
19698,109592
23919,109592
26554,263866
15239,32135
28165,32135
28169,32135
169,399
10128,174245
9659,8945
8810,8945
9355,8945
10068,121195
11495,207447
482,495
479,495
9873,171439
16820,171439
15379,46512
12764,46512
27352,46512
17897,321063
16094,159600
16096,159600
11822,173628
494,495
493,495
4247,4246
36657,748
12599,34055
11940,321063
12107,86028
9383,166376
15158,47770
16139,47770
16146,47770
26515,123256
13567,47391
20850,123249
8843,223564
10643,374512
37136,37139
37137,37139
11398,25410
1588,430186
12211,8050
1698,8412
12212,52760
16,498
9003,8917
9064,8917
11569,8917
26484,338327
39113,338327
38126,123213
53617,338327
10973,221537
10787,259401
27475,138971
27764,138971
27767,138971
40760,138974
40446,138974
20455,39244
1597,51509
21142,240690
78140,240690
18498,44913
28605,44913
12207,12203
11531,64750
4327,86029
681,645
16340,57129
10481,124916
146,290973
11849,106498
708,645
10673,52783
11688,178117
1493,93220
10577,115822
15739,312735
9816,107469
96,85861
90,85861
19933,141282
18935,330555
764,1960
580,2366
1547,109076
10019,124951
37302,109082
843,287016
9740,9743
19405,421084
43332,366444
17965,116847
11454,9743
14052,48190
16889,48190
23730,257571
10054,86486
2043,142680
56715,52888
10991,34055
634,8936
10956,353325
9290,9332
1734,1733
808,2150
1406,150156
41050,441439
966,110021
12639,110021
10865,100965
1995,2467
10808,3169
9799,9485
60670,3963
10992,87014
4248,4246
26483,338327
24382,421566
11286,101688
11950,101688
12236,101688
26573,427956
20075,33071
20197,33071
11906,127280
2114,140760
8835,86024
26044,170754
30502,179244
18509,104847
3980,10893
10127,10893
12702,10893
10651,10456
5680,182617
26386,330555
38500,174218
12144,19163
24929,101471
10925,101471
13965,89272
24266,89272
11966,86347
2605,86347
41428,182923
29095,126220
12500,91945
25678,91945
25682,91945
32049,153948
1648,91746
53150,257571
10134,98853
15142,351230
25005,186102
21721,186102
10345,88735
10222,105322
9494,9521
9942,97771
331,328
19142,87228
41946,87631
10135,224976
30666,138706
25155,138706
11342,87536
24126,87536
8494,118221
27813,104716
9880,107674
5175,90863
4484,239968
11684,239968
17169,168182
2770,2806
8922,94899
16314,71458
18885,71458
40508,71458
30379,122947
35200,383632
9398,352789
10866,166378
166,41649
13612,33071
984,10456
141,178106
585,137696
45964,276838
671,1241
16085,449750
16441,106000
34388,89188
37835,284024
26398,211753
10649,10456
27591,211753
10650,10456
8007,98513
161,304
1649,91746
120,119
12593,476056
14683,476056
45491,395591
11595,93295
9610,43055
150,93295
11528,87214
16690,55422
39939,449462
39282,449750
993,262011
11979,217704
25006,124879
23479,215326
66946,215326
19050,215326
108266,460292
108267,460292
15999,122952
13225,19160
7219,133923
26200,108669
38147,221308
24032,221308
425,8354
1576,17255
17804,456980
31805,135441
13861,135441
29021,135441
31812,135441
28213,104068
12705,87220
11006,87220
15120,87220
16026,112537
36586,735
11452,43220
11590,261526
8346,389767
307,256729
15482,47983
45878,406817
12154,107688
11630,107688
9334,116669
11470,9735
5203,5202
557,556
12227,178654
43643,178654
1894,10
15417,168182
4614,192492
2501,31562
9637,86860
14774,33071
11544,97461
11982,9521
21972,363014
608,86055
11442,91361
10996,99727
818,1006
24130,167456
36645,113635
23728,167456
9488,86486
7451,52785
34070,356437
9266,115839
15070,117777
11243,363966
19975,363966
9595,52988
24038,135501
3127,123720
10859,162028
10611,176097
4108,9518
18943,330555
32685,330555
18477,267922
12262,267922
9533,9743
10575,277739
1682,374509
39462,374509
18983,374509
24348,173344
82545,135509
34600,330555
39128,330555
11868,123724
10772,386818
77079,386818
12600,34055
565,14563
21925,173344
10285,9735
11009,288280
10805,288280
225,457305
17205,373538
15900,97237
12237,97237
15901,97237
15902,97237
15904,97237
97251,97237
22435,169329
2264,295862
39874,264437
31646,212279
9012,17178
12208,645
9021,53159
10167,43063
672,1241
29229,109082
12716,148517
12717,148517
13888,59586
9538,88574
27997,281644
36669,645
10426,43563
20992,218293
6007,12075
25239,296429
14433,374386
9932,110127
22257,140126
35343,63170
171,41649
11564,164397
20787,423877
201,115570
121,119
11317,85960
4032,85960
31804,135441
16225,141086
23626,104842
9358,8864
15802,227147
11915,10517
29224,63170
2262,295862
24830,315750
9699,937
23943,137766
6038,59567
14873,97459
12139,195441
24883,405393
17264,405393
10929,375886
15347,354210
2671,93369
9669,93369
42695,261057
18992,100992
29912,366444
7294,8385
2662,105625
36658,748
10708,228887
17464,92222
15259,92222
42792,431417
604,2344
1555,239766
33875,34055
310,124949
12,137697
9902,52985
584,9485
5921,431417
14676,383632
10152,96665
20694,57129
35669,123724
170,1565
9471,86029
10327,86024
296,528
22,295
8961,14890
9486,86117
24259,194752
1996,2467
12279,86486
21882,289531
24993,105322
4984,289531
8273,2806
9257,221111
33954,421566
6466,9735
10923,91427
9362,91799
936,937
12268,937
7504,7505
513,7505
11351,94899
2722,330892
11547,201576
1428,9649
10617,10457
10618,10457
10619,10457
8408,261590
277,2326
17614,409138
18113,201778
11475,187736
11806,168880
10438,168880
9871,11794
33258,124950
11059,117927
24,2883
9373,425175
4256,4246
10009,96472
10389,264335
3117,123720
897,158391
224,457305
27117,478628
50553,478628
44383,478628
605,2344
11846,96871
10147,423173
9556,45154
9065,208765
38939,115142
860,151263
8010,8050
951,397444
3176,16302
11824,43066
1594,937
11811,19285
9063,208765
255,185682
10028,144689
122,119
11007,114783
11429,98036
5205,245129
21779,157890
1954,52749
14114,353721
21301,176097
44539,194752
18841,158373
30566,201930
42466,201930
44674,194752
9838,135502
10677,86058
17047,91427
11024,86860
553,1952
1487,17235
11137,86334
11358,299748
2122,103577
923,261590
34082,135441
393,2883
10625,99606
7131,109608
22137,205977
10035,404111
20561,95051
667,645
700,645
36670,645
10940,10441
9356,9521
16113,126166
25508,272673
12310,87631
39907,159340
9545,14246
10916,10441
10921,10441
10941,10441
14589,47814
14594,47814
14590,47814
14588,47814
14595,47814
1583,478442
17653,122945
11069,91799
10829,91799
31952,123740
54396,308153
40810,48829
40812,48829
3075,123720
43096,145494
11506,286935
29455,286935
11602,286935
42632,185667
10775,58588
15618,349889
13282,434533
26268,434270
250,95891
19086,126166
15824,289288
11315,192532
5165,441439
19128,11140
33560,259398
15371,145901
27601,32135
17346,448468
809,2150
673,1241
2789,2794
8920,86115
11546,9338
17481,478628
27118,478628
9372,475802
44695,240690
31217,85473
38582,374509
9542,476054
24236,297143
10606,145784
6081,937
2330,211721
2334,211721
2202,280539
558,556
80,123800
8699,93791
11247,437451
36627,138163
2502,31562
12625,110021
43417,110021
20408,478628
18706,478628
34327,478628
20417,478628
35780,306882
25361,306882
25536,171586
11282,30663
11130,107674
395,115762
10762,146534
11026,12263
36912,330605
44415,424830
11237,105995
13559,374418
24924,136218
17994,168186
1577,17255
26230,263866
27816,104716
27815,104716
29445,208765
28153,256297
1970,1974
176,656
9806,468222
11249,10455
9801,8936
2059,52984
11836,275402
163,304
36648,735
33740,208602
74719,208602
77448,208602
28421,259401
27503,48802
43149,135495
27970,259027
23101,438087
23336,158365
28436,272673
9797,426985
31980,135441
4558,84923
43388,135508
30801,456980
11402,12077
31372,102452
31374,102452
31378,102452
34528,85473
34530,85473
21135,441439
17102,123724
11047,94039
9929,94039
29778,123724
29748,123724
70327,161766
9394,212525
34479,123724
40732,308465
18250,116847
33020,123724
12089,105764
41471,102128
17810,102128
9474,409026
25473,157504
24402,39438
16246,391040
28994,211860
19174,405256
9385,94039
28209,39438
10711,155474
43430,107473
47313,334563
5725,294834
38783,188458
10640,166698
5651,294834
16378,255702
1362,141290
33701,52835
14087,14095
1884,133830
27414,256296
17663,94035
8868,94039
29903,284111
14029,430201
10372,133830
67342,155421
9056,269098
9318,94039
10570,74083
11471,99635
22572,160468
49964,324149
30421,9046
18305,99635
14571,98435
20562,95051
18311,287016
1483,476066
34376,124951
29904,284111
83761,324149
34683,361140
47350,151861
25684,91945
18817,192167
16437,98853
17811,122945
12088,86341
30366,187736
35610,145784
12664,207952
32764,278467
26877,309259
18998,45154
11067,97771
35977,123256
26830,473943
12613,190435
37563,104068
27318,203178
16003,137913
8214,8385
2061,203910
74097,362047
36702,142717
17629,108043
9732,94032
10213,10924
12095,10924
1283,2248
22140,205977
344,344936
15805,421904
11508,11716
2487,149191
12485,98580
17074,404770
18491,96850
39927,355490
21348,338416
9011,9068
2332,211721
20882,107462
5458,52789
10482,268014
28031,164394
15653,410261
844,287016
23985,142717
2463,206072
16874,426370
71138,103190
39872,103190
16234,379475
10706,10721
17208,105629
10751,95891
2899,2396
36243,374512
10726,86105
13899,192532
437,432
11178,473850
100973,118657
21707,101676
36222,192532
13984,386495
4689,4563
18248,308645
21041,24726
11430,94032
23986,142717
4326,279836
32250,1972
44203,1972
10891,91799
12540,430186
60672,3963
14245,14246
3177,16302
10855,309259
12140,23026
12496,377545
17457,192541
10361,11794
41070,371950
11838,1972
670,4563
12583,11794
9694,126580
22537,53154
10304,10522
9666,1972
9316,94589
11647,58588
10105,306063
83,86113
14310,58588
10320,14563
3396,475520
62276,107461
5889,101246
5460,52789
8357,476065
24674,264335
12597,8917
693,51509
11804,102777
18627,374509
34326,191023
23832,251858
11633,87800
12127,11875
11626,11875
42390,413937
27549,106000
26581,275873
11637,176118
12142,149704
8968,96937
661,295862
561,437628
10214,43072
3040,3106
44875,438087
12721,384920
27042,169851
2926,87631
258,185682
8016,256729
37601,108170
4551,91698
3115,374509
6593,374511
38148,221308
438,432
37988,101646
10040,93220
38155,385721
19545,374509
187,135179
47406,167691
9674,93369
16250,97919
10065,397842
13409,124879
11679,52785
24444,96887
46594,441443
9463,122952
1895,10
28423,259401
953,14740
12700,12263
9779,17368
18289,374511
272,263
15767,374512
11451,12087
11683,261590
42488,308465
20914,150954
39464,374509
4889,89188
9738,9744
1826,239766
1696,105625
40254,131780
6519,332357
11453,95664
11328,203910
22965,220448
9564,2396
9335,9518
17386,373538
10753,269098
11636,269098
7553,93731
8923,152544
647,140760
11968,174386
533,529
32237,131780
9763,110177
15493,206921
38828,109082
1656,1657
215,656
10915,409026
8274,298820
26845,65249
18994,65249
1951,1952
259,185682
25,285564
23220,123724
9885,268098
9392,87258
674,1241
7010,321061
3124,123720
411,420
14695,378268
43118,426985
21040,24726
36775,157890
9641,114783
9568,117952
6935,107471
20641,97919
4550,4563
10045,85946
168705,97307
1690,86578
10982,87255
834,2326
39345,8819
21519,189159
39788,140126
24580,123726
11246,8917
52728,161766
7295,387618
7509,7505
36768,148324
11183,52835
11565,44979
11283,35792
16452,157626
9286,8864
12096,130440
33061,123218
9975,55428
10053,276838
9682,124188
18747,159613
14609,286904
950,8354
15590,86334
18009,19285
19286,19285
19287,19285
18011,19285
1379,8385
9792,8918
11573,937
46828,937
10292,52760
3093,86336
4257,4246
588,64748
8982,251970
956,87359
31506,158038
42512,158038
34019,377545
591,115776
36668,748
920,87118
58,295
2295,182813
10007,296872
8997,166376
10947,87253
27320,203178
9615,9485
9513,86115
10770,351721
1452,8537
36576,937
33005,10721
32740,246091
54111,131780
1593,85943
1948,64751
9762,86092
15049,417491
58311,156240
18672,44917
32761,278467
5721,294834
12094,17178
15997,19163
7484,66761
10781,425175
1975,1974
8975,166373
10070,98430
3683,261382
5890,101246
214,656
43071,266846
14620,52749
13767,53159
36557,645
9836,92012
15152,91588
14457,297371
10032,43220
22440,221539
17604,123717
15077,159613
1246,1575
12795,102008
14277,123438
33583,167691
1251,261382
5393,141084
1931,160727
9992,85817
8275,298820
11578,11582
11972,11582
36878,84923
36877,84923
13365,95051
51863,95051
50754,95051
7516,96680
9966,164395
1248,9743
14761,376970
9965,93791
13127,436982
9958,101385
1250,90306
13185,159603
26655,363014
11841,108125
83980,240690
11945,187089
5691,167691
10845,285130
15582,43066
11330,203910
10942,10441
7006,102777
8965,100965
14624,269190
1271,125570
9793,8918
20527,377545
10172,176118
10294,86112
1987,278467
1268,103372
14636,375228
559,556
20553,95051
14240,254636
2269,3106
11798,376863
1562,1565
810,2150
285,295
14208,85890
14207,85890
24200,378453
298,304
39465,374511
12561,374511
36679,374511
1691,86578
22049,325798
9408,436295
1979,9744
1991,339577
11211,430186
9815,110177
12695,33071
1571,1570
2698,124949
1858,8650
675,1241
13491,86797
2503,31562
34588,369380
2701,2704
17350,442352
5174,90863
14144,228887
2082,126209
1845,138908
45211,353754
2335,211721
1992,339577
14348,45355
7737,17255
4517,100286
4520,262011
4513,91660
17202,143588
663,656
48301,108125
7347,119581
18442,140758
5817,356437
13363,464270
16768,45355
1620,390096
6477,167613
7249,13800
13186,52985
13348,113679
20567,472781
15495,264339
6637,52984
440,115762
6076,215456
69315,91697
8329,74508
2312,122922
11908,124901
6933,126580
7555,5039
9030,264335
11253,17235
13054,286177
8328,86092
13025,261590
13016,96682
10797,238419
28260,101471
155,263
18070,308645
8456,96676
19333,374509
36223,385720
10488,232844
1266,124881
13335,30663
9017,108804
38661,65249
40044,65249
40214,65249
40045,65249
8617,123255
1726,131292
8681,135483
13001,44215
8277,298820
2454,420
217,84
4564,50457
9502,77816
3687,314917
8909,462400
23676,369005
10748,12077
12889,13800
13205,87250
8359,25542
13675,363015
11631,458558
9010,76291
88751,72547
15840,289288
15830,289288
16007,102019
11802,118828
12914,44215
14154,151263
8836,19387
10898,33085
13541,108502
11910,108502
1735,1733
12289,96677
10188,17368
13649,87253
10483,86116
13515,105324
13564,248339
15206,127280
43177,280539
16456,9436
12683,149704
3097,3292
11874,266731
71206,321065
32620,434270
25741,141615
13812,123932
13489,109076
41474,102128
41477,102128
16068,10441
15289,10441
11887,87253
13253,13800
10527,14740
36073,476063
10764,645
14943,192174
13655,148055
11917,656
12525,10893
14405,87256
17099,158376
36571,124492
36572,124492
32862,124930
8966,33514
13387,9518
15026,280562
14447,529
28148,373538
8881,86774
8880,86774
11127,10522
3054,157890
9050,9046
86082,158365
79090,158365
112912,158365
36573,124492
159849,158365
34812,201061
16268,201061
13180,96682
14306,230532
31047,59235
25528,91945
13690,66761
14756,70068
35945,174218
86084,158365
26235,251383
13635,85945
14435,264437
12437,2326
162865,158365
18543,48190
21029,48190
15227,195646
14560,328372
1977,1974
36764,148324
15060,13800
14711,96661
5677,47627
15105,93731
15268,261203
13207,9735
14853,122017
15159,130440
42818,156152
43873,156152
43146,156152
18781,169740
80314,477050
16353,94589
15472,24761
30155,110041
31273,138163
16258,52749
9841,286006
31132,183256
13804,9485
35022,457550
45965,457550
45882,265782
15092,64751
38872,183256
2080,453993
13475,115575
38464,413661
11160,10964
15384,96677
17124,33059
17532,178106
13448,115776
534,528
18360,85943
8211,240156
8429,256729
21832,96850
14003,140612
15588,91588
28677,146534
18785,86119
37024,165743
34300,330555
58018,261240
14451,286038
18061,374386
27085,211753
19508,373918
75015,75014
8373,8650
8355,8354
37021,165743
47104,324149
18901,26863
14728,85890
16911,350836
767,1241
10353,52888
9592,86113
23964,261526
53868,115142
21407,165369
14869,135468
17134,221622
50719,256296
17285,353708
15137,210303
37047,190135
13797,98430
677,404148
685,404148
92011,109044
18759,223564
15641,86112
26914,123218
35203,164394
24150,126209
5060,37261
15809,152544
18120,141448
17618,158643
19912,8864
22794,177467
17455,8917
12699,8917
23827,41437
44685,190135
71041,378025
22804,656
22821,87186
32834,368982
70555,378025
85715,441443
105077,91697
18239,33514
1284,2248
25716,192174
15400,282246
23951,113679
37190,201778
129417,175722
19995,87096
10528,102322
13988,25410
23398,167613
26123,298820
148536,175722
33613,24761
20551,330555
26961,107949
81895,209739
21521,189159
25602,244242
2395,2396
17911,264481
13382,242587
13358,195441
15255,117777
51429,472781
13522,86797
33395,38451
42137,454520
40724,94035
24253,24761
15324,475511
32657,179919
27561,101385
15357,85946
18489,475520
23023,222634
10664,74508
28739,201576
12155,261307
20618,96679
16763,166378
59719,145901
29426,261590
31723,86668
5753,379920
32688,380006
42342,46082
23048,313576
10191,89137
22582,458017
28510,10713
33421,478628
21467,76291
109572,145901
10469,76291
18823,86780
23483,179892
16686,97156
15973,97156
13417,178117
22488,97919
15323,475511
33217,86110
20478,378268
17960,277739
129689,314042
33501,168618
36325,142182
21036,211075
37169,96671
42476,375886
64651,119234
23104,124930
64576,119234
10138,131292
4180,12141
125271,435347
23437,8581
37565,12077
261538,435347
253232,435347
26962,264434
30913,429234
37786,50457
10241,104068
38318,23170
13058,159603
34480,87258
10193,10194
48636,173628
41142,463068
10192,2150
38780,283417
51138,168618
40819,123218
24021,33514
208478,33878
39129,330555
34851,399
20352,86066
38365,180546
16304,107725
35019,35792
31203,303872
37472,70068
45322,259027
28426,259401
27578,126125
43593,104830
16346,246839
42194,294172
31443,257899
28609,425164
38358,177675
14158,17178
40663,225543
23631,210006
41233,86092
206145,360342
40264,278920
28938,220872
35791,17255
45162,290933
33909,52783
39691,87014
41486,102128
41482,102128
59581,89959
43933,306926
46812,109076
14088,14095
16290,17178
39312,295777
42941,91660
39514,163902
11389,11118
4729,10517
41436,41437
38234,117777
11391,11118
41439,656
49953,166844
61755,324371
79591,369005
48466,2150
114444,167716
12444,1241
38757,463959
44687,158373
110115,167716
26769,376970
14463,129293
24837,395556
10140,420
28155,256297
48395,412736
43919,124901
50241,331475
20526,63043
49684,256297
54178,201548
40649,264434
15740,461937
13246,322330
39451,51509
1361,141290
48748,441682
42323,395466
54430,438087
23508,429234
30914,429234
56402,188202
43209,94589
45284,385528
29670,101646
31654,297143
46787,53043
63578,309300
22843,210303
43947,219691
60213,266846
54293,96682
117258,264338
12536,9888
46441,105324
92332,189295
20993,218293
58764,461755
27582,280504
60290,266846
60221,266846
9706,93369
22620,86860
53358,386495
47533,86860
47931,119581
15362,85945
38322,44979
103751,463068
45715,426370
11406,344936
16140,102019
49018,228446
20329,102019
13190,56005
60307,86110
10408,74083
83651,473983
31408,473983
31402,473983
46523,124426
29920,154002
23521,432151
41446,2602
46195,229932
10195,131296
56780,166381
48415,150967
42709,256296
9511,215456
51497,9485
32654,146532
46849,264914
39410,171732
1679,374509
1865,295
45243,86119
23116,123438
3107,374509
42506,303969
51170,66761
76171,166379
49444,77816
49538,748
50507,87805
55763,148320
15766,374509
55761,148320
56272,86668
13378,282246
35688,143588
38356,8650
18928,353754
55754,148320
61546,281097
148314,148315
55756,148320
55759,148320
73884,120927
51540,280588
49013,87118
45690,261057
96105,362047
68029,142021
71982,151861
16900,118474
12445,1241
1771,131295
59115,123932
58897,303969
59566,89959
54540,87256
28039,201548
13931,137696
41513,134897
67636,151861
51765,151861
12819,241729
141055,362047
45839,433061
51620,86116
63943,159616
61791,173710
56832,99321
55779,8864
55465,30663
38774,89959
29484,89959
62385,314042
56288,86486
58151,230161
21786,86553
52015,473843
20441,164395
40016,225961
73358,260601
69798,279959
72914,386549
36236,421566
76684,419784
38543,259085
24428,86311
60935,479888
75969,220872
10005,98513
52297,129293
85766,129293
72571,41437
3966,177062
58233,86117
56122,421566
27769,168545
94336,165131
80607,432151
64328,256377
50619,33514
70590,286951
15157,437451
74135,99321
25834,114915
28118,129748
11625,94039
9369,94039
9642,94039
65759,92012
76163,126125
13396,394204
46020,370374
70160,131635
49026,263
49040,31562
58574,102322
42450,458697
30245,104202
56292,87359
55301,167613
24833,91657
74523,294187
62837,288491
57353,288235
52520,2326
74997,96671
71670,86578
93164,303969
58704,317299
57809,107465
85317,107465
50698,135466
48492,222639
65086,315560
72545,72547
53174,215452
29564,96680
74471,294226
71676,90306
52454,264481
71672,52985
77076,427956
18705,89959
38674,101385
74387,476961
64688,212562
79221,393126
35435,96666
44734,96666
57165,86780
26881,114431
10679,312977
71552,2806
94329,257960
28912,413946
36228,84785
85052,142015
74534,306937
86416,86414
61410,253537
67660,239430
15135,98430
13486,116669
84177,142182
61979,141649
73517,174995
14400,70764
41154,86055
58595,393379
27646,136218
70981,135416
111440,292068
61125,101646
85435,466004
80321,14740
65421,53043
43337,53043
39144,386410
39145,386410
22855,290933
55215,56005
116776,386410
39100,425164
13313,153010
39101,425164
13761,136214
72105,266672
77930,328247
39103,425164
24752,425164
39104,425164
34433,425164
1930,125574
39105,425164
23823,52985
57800,8354
25913,117693
59706,220448
84165,138908
44251,425164
39106,425164
39107,425164
14863,105995
56909,198697
39108,425164
39323,425189
34125,103291
16130,187734
80410,122922
39324,425189
68143,224011
18443,140758
13676,33085
37724,645
20106,297299
36996,257899
82650,86110
14128,55419
71668,104830
83660,105629
114150,306031
85341,123640
26505,85817
15895,48655
28218,48655
71679,17255
85339,123640
20069,259363
55723,158643
84348,207621
82675,135483
17165,23497
10089,467577
77269,113679
82507,357173
76492,185103
16387,275873
33390,38451
33391,38451
40709,165778
134371,166381
40075,48194
72391,230532
105210,385717
57089,87255
80280,74508
117691,244500
99770,2396
116167,95051
82990,41437
121823,161373
94348,142680
61012,64748
149763,324475
164753,245129
82690,404825
74545,86224
97430,334356
35683,338282
32694,255702
19139,110177
65851,17178
78049,116669
12594,135489
123025,248534
50620,33514
85446,86092
70584,8917
19274,205459
13679,338416
94380,261286
49522,239595
125504,201873
18741,205459
93289,93287
25539,300431
10044,300431
18707,300431
10275,184977
37030,184977
37032,184977
49051,121938
10620,10457
117629,409138
37653,283733
19099,260586
28733,327871
75780,403374
42532,375886
64876,119237
94352,391739
139455,256296
28751,135501
55952,114915
57597,114915
95511,45355
44244,148055
41592,206559
134597,165369
127533,247028
33303,133891
34905,133891
100450,19262
31022,84785
76617,111751
147405,256433
139038,251937
142061,248534
115223,34055
88557,34055
31046,59235
30347,59235
26114,59235
43263,59235
59238,59235
110148,59235
100183,108804
97353,415931
26005,456733
24925,136218
156717,86116
44450,91813
19336,374509
33301,133891
50076,133891
150202,169740
13648,133352
87436,207632
36244,445332
133121,133352
98567,146136
53031,354210
47964,1570
56991,135014
122857,10713
132344,123800
114478,10522
36096,53043
170657,456576
28090,254636
56508,188534
146203,177675
72559,135468
9834,328073
49519,464577
26883,114431
31131,205145
117263,386534
17501,44724
18843,3169
28067,108170
127544,286936
25516,246091
4258,4246
80384,278920
76589,256287
68721,131292
38453,38451
32100,405256
66209,385639
26693,1972
36917,1972
56763,385712
149961,385639
11119,86341
54138,115575
42601,96887
458,456
109439,86119
82992,9485
197467,197476
197481,197476
100493,476071
75656,382685
56500,65906
49521,209131
158015,256322
52034,182923
105965,87256
62211,137696
80518,140612
68726,363369
177271,386162
72190,416468
41586,88735
59584,89959
199687,362878
93456,86066
44909,44913
30654,44913
82447,112537
24935,101471
159117,207621
24939,101471
45875,188458
205321,286023
24646,112537
149085,161373
183011,256287
138843,313086
51481,99606
174322,225543
76170,453993
146216,163902
19593,114431
47404,47400
19154,116661
102234,101646
76285,179919
77931,134897
23535,164397
201676,343297
30143,145901
147276,45355
21683,421904
39027,105322
50346,105322
61954,164397
138832,297923
109418,180546
59859,179892
87421,2794
151960,270252
54266,96887
59589,89959
24631,480071
15440,86553
56937,86553
21708,101676
24789,103291
52017,103291
52021,103291
54768,137766
52022,103291
27712,416305
61716,416305
134756,416305
27651,107949
207768,219691
91586,228446
195757,269190
129734,243811
220714,419784
81996,398758
24331,88574
33305,88574
167032,10455
1803,161314
109451,177467
51985,140910
119893,25542
106747,210006
38273,90031
64078,90031
64076,90031
18167,121195
39468,374512
39264,374509
29941,462565
36214,171732
39466,374511
64077,90031
36212,171732
36247,171732
208134,17178
19658,259256
76338,131296
39469,374512
12636,374512
146304,243598
41498,23456
176983,23456
13293,279445
101299,131635
57158,121938
204435,246091
109445,386382
31297,160677
21930,161766
16692,96887
16693,96887
134366,135466
75629,210303
214597,230161
22899,161766
16985,86024
18510,96887
18511,96887
107916,418219
54283,96887
43967,354164
18624,96887
40897,96887
54265,96887
54272,96887
54274,96887
54273,96887
20986,23453
23452,23453
18269,97460
209232,340633
54275,96887
21410,96887
54276,96887
109443,93791
40342,430201
180894,244242
21138,87214
74626,137913
11039,351721
233063,344555
229974,393744
54277,96887
17478,44976
252385,478545
195269,221622
58061,283775
84152,264434
227348,41437
13632,209739
126963,425164
39102,425164
206408,239766
39148,386410
38189,113589
113594,166844
168530,376650
137094,192492
157350,283579
21072,24726
217993,256287
34131,161766
92647,154002
236399,293981
21435,52835
177888,408196
54278,96887
54279,96887
26947,161766
14028,98513
137106,325470
97020,5547
58427,2704
249397,258664
118513,118657
20756,141292
120143,252338
41109,44724
141614,141615
246320,283733
67793,397341
60160,161766
14872,110179
21474,430186
48707,160677
19325,59007
21379,59007
18224,59007
24756,25410
22259,59007
201414,160677
53182,125570
204349,358930
196024,319850
241968,418219
58767,14246
228202,403001
203217,455278
236737,388180
160162,393326
192577,454520
42552,121067
100402,131295
227783,464308
204668,455123
12685,97307
17456,97307
31329,160792
125395,160792
145220,256377
38626,108502
180299,257960
40740,47627
102382,125574
251519,334996
47628,47627
249660,409343
172385,229932
167575,124901
184345,251937
12242,87236
159403,160677
22701,458095
137475,237444
51848,237444
236417,237444
195589,400700
227425,241729
258096,241729
16931,174386
38281,458095
195522,303969
54281,96887
127585,748
215407,303969
54280,96887
54284,96887
54306,96887
54307,96887
113154,458095
260202,260601
260339,260601
5157,294834
177677,87359
255268,261286
128841,264339
82881,463959
187017,212562
82702,89137
26480,123724
133558,306063
184098,239430
91314,8650
218836,270252
119450,173710
259233,1972
30146,246207
238636,256322
118340,284433
138103,126125
150897,243811
56329,239011
47401,47400
26566,417481
242088,309300
57331,70764
243683,86092
284711,370374
98566,401562
59701,220448
198436,347469
314285,347469
269650,87800
22937,37261
292893,402457
242022,279959
22555,59235
189,135179
38467,413661
273621,288235
38462,413661
199933,166381
287590,109079
32109,37261
29328,413661
198663,295130
248504,286023
2195,112860
257451,101385
157424,201576
250546,402074
8445,312744
38455,38451
33386,38451
1285,2248
25148,38451
28044,38451
38084,102782
81246,174245
273641,17178
54113,144200
43398,280539
245891,404609
157829,446782
256,185682
16049,206449
33387,38451
38457,413661
33388,413661
33389,413661
33392,413661
28302,144200
38458,413661
33393,38451
33394,413661
38461,413661
38463,413661
38454,38451
36323,206449
267333,38451
267336,38451
39262,138965
39263,138965
242512,426103
46314,206449
54445,221111
3937,177062
217923,222639
22599,113589
413669,38451
38456,413661
33708,38451
21250,263193
41244,99635
27310,166373
151933,473185
260063,98513
19164,19163
19165,19163
17337,19163
31473,8783
27653,8783
171581,166373
103686,243811
25754,115225
25752,115225
25751,115225
70575,115225
25753,115225
12076,12075
51649,404136
199534,268098
75258,315595
25475,315595
61856,280539
105528,255478
290729,14246
25391,98853
64160,382238
64161,382238
255476,255478
38470,413661
40661,105322
79723,124426
28668,33381
38471,413661
241842,286038
64075,90031
38460,413661
40644,96887
18122,350836
82450,108043
98344,313234
291155,386549
262551,331841
38125,123213
30972,98462
131631,131635
58433,2704
9742,9500
21811,351228
100042,96665
284246,475520
38459,413661
17808,132877
227735,288491
192558,282971
193726,207632
17780,147220
36683,17149
18232,417064
267806,207621
241868,145901
119892,392206
66129,389544
33838,363966
24047,174245
77348,174245
81244,174245
50291,174245
135397,328
170522,94039
41608,266731
227159,280588
50571,108125
68340,192486
68337,192486
68242,192486
19273,3169
27996,3169
10473,169452
66018,12203
270946,14740
294254,295130
68339,192486
139380,239595
303742,101385
2139,452675
134375,9888
110552,251970
17792,10919
74035,160401
99361,330524
74018,437451
15261,430186
285423,285564
289728,307637
122917,121938
18450,1657
63260,473730
56431,473730
29293,117927
118751,153636
47491,448468
61925,188138
52914,188138
50758,188138
52913,188138
52238,188138
62715,188138
62725,188138
46001,188138
52113,188138
53342,188138
207703,391860
181533,85943
277368,303872
32113,37261
21240,37261
11612,296358
37529,9068
41897,296358
201018,201260
18948,19160
48805,441061
75136,69788
75137,69788
75138,69788
69787,69788
70984,256296
16460,373918
26728,373918
31609,33071
42012,384920
260346,135483
315360,279715
87101,528
288158,315560
24023,24717
24026,24717
11752,326795
59040,444665
267872,295777
38187,113589
30091,113589
38183,113589
38190,113589
51939,113589
38185,113589
132601,205029
14749,91657
208763,428046
65703,464784
13654,100693
19824,43220
101660,180019
13360,8050
15434,285879
85373,206559
125509,52985
140161,180019
18015,389867
9817,107469
19066,286006
52916,321065
28635,135489
19288,19285
18616,297371
27770,168545
37526,117952
3483,98462
19254,37261
19300,37261
26190,37261
23338,415799
38157,135489
42185,389867
48193,48194
104606,385650
30178,99727
29812,143766
50687,254636
185110,456580
149957,98180
133716,98180
220504,98180
55872,65249
14059,91657
42187,389867
3686,9309
315362,279715
90956,413663
90955,413663
30554,276838
84575,222634
27771,168545
24102,19163
7085,9309
49597,348843
25556,19163
15066,299748
71461,155093
34734,143757
113210,175763
25587,19163
38269,394258
39829,384040
24554,19163
259074,166378
37404,199629
36421,174218
18920,172000
51438,368982
21518,97445
9973,91657
48844,469648
70587,91657
78047,91657
142308,469648
149910,91657
26042,87536
113215,175763
113209,175763
47884,354066
47882,354066
47883,354066
58664,326849
27376,338327
60173,286948
107096,286948
39044,138965
45662,118828
59117,2248
254869,2248
109689,141649
76341,8945
280092,228446
140607,10
99861,86311
76600,87096
166426,295
141052,468551
102899,422834
293660,448150
284053,131296
283995,284433
271110,131295
246655,748
214264,251383
118439,251117
33733,458813
58757,421605
2648,2643
72032,321065
16652,141084
215405,397848
75826,199629
258251,259085
24556,19163
41235,115142
75822,199629
172386,232844
31933,19163
54782,143766
70811,199629
14387,12077
252360,122922
75834,199629
72094,155093
79466,435805
113582,435805
15759,461937
38468,413661
193603,379897
55603,413663
87881,281097
90460,435108
90461,435108
90465,435108
48132,45355
38465,413661
42354,159600
164372,374930
91198,19262
39961,19163
17128,158376
149793,395433
141063,282117
91548,122938
43205,360344
45099,421566
128854,280539
297556,256287
207475,336557
26497,223926
44789,251117
61852,188133
40252,168186
13017,114993
38469,413661
113219,175763
17129,158376
15898,114993
188357,376527
55762,270156
139367,324458
71200,218104
61855,280539
38472,413661
72455,157504
14053,261526
233487,360112
309049,452146
48635,277798
283536,378453
216015,344830
15718,322330
27850,87252
34205,87252
34560,87252
159704,173738
13734,260586
82237,122778
63348,168949
89247,297501
121828,385528
30149,333154
27599,343733
27600,343733
25251,369004
9948,100970
199661,479549
43716,211753
1871,103001
1870,103001
1875,103001
50401,478628
3485,98462
49183,98462
110390,356437
123867,211075
185341,74508
278468,279244
83122,393290
56511,188534
56516,188534
56512,188534
56515,188534
25164,181502
44191,181502
104413,181502
64650,393290
83140,393290
83136,393290
83124,393290
67952,260520
24476,168880
24477,168880
13955,168880
295887,168880
78080,168880
30577,314023
270045,279715
36769,148324
133459,333154
106622,445118
106623,445118
69569,445118
22974,147207
81684,129748
19181,112537
17172,112537
37727,63170
22192,63170
37728,63170
23654,63170
37731,63170
37730,63170
54257,104769
57548,104769
46971,321061
300803,169452
47631,47629
303457,441179
31534,473983
7392,123249
11425,72119
52868,102782
70322,161766
15567,97461
243938,313576
28656,123249
73551,360342
25745,251383
221791,353792
228165,275402
17041,45355
85349,139394
268238,306937
28801,123740
13643,479319
31292,108043
132759,352020
196750,196753
322456,386162
78124,223926
287233,458017
73530,122661
265712,148065
294690,306063
326359,386382
31341,104842
5065,37261
43018,145494
77787,133887
31347,141252
175774,304025
262500,283579
39385,115840
118412,118415
113082,118415
144288,118415
20377,141282
69619,239011
275060,446782
276401,446782
168259,9485
140441,301508
23155,23240
75848,427944
26340,126166
112058,427944
10580,167552
23504,396839
120386,412300
40040,382113
267793,293981
78402,470274
13015,479319
52980,191023
52874,191023
64912,191023
52979,191023
80527,44215
1269,68589
51450,333000
81086,259411
16119,55419
204712,9088
11179,165679
33719,242587
50166,94050
5833,8819
1615,1617
1616,1617
11084,74083
24696,458017
9497,165855
9337,165679
9514,9500
9496,9500
10036,215606
9572,133297
293771,407273
35428,122776
9478,133297
10470,9500
10010,96472
9565,287684
15674,86346
52827,100992
221732,247028
221731,247028
293572,478328
61117,351231
52736,351231
58219,259363
321528,334996
9803,215606
36696,265865
58242,461937
256961,328372
274415,442338
20036,86334
28855,327871
214464,294226
14572,98435
260310,265865
290865,473847
12697,272416
329540,166373
290043,315609
21461,44722
315367,279715
28904,147765
73529,122661
122662,122661
297270,315595
175112,315595
36897,34055
327418,356688
321494,334356
39412,39438
40978,39438
146047,39438
61108,39438
40348,227140
39965,227140
28682,227140
28324,227140
28325,227140
28574,227140
259072,52985
30997,123289
13284,411859
34134,422361
91342,422361
196254,447622
16962,411859
13285,411859
18198,447622
249070,390096
21671,157626
44683,315595
314407,376970
254470,306031
101652,325798
34312,47391
145221,306926
21614,142022
28746,123249
65497,318037
94365,96671
5061,37261
5056,460334
26181,460334
294544,391047
25936,122776
20963,122776
20359,142022
14394,20970
20968,20970
13179,315595
43646,256953
43648,256953
43649,256953
161545,188197
146045,146042
46809,146042
146030,146042
199374,151149
9288,106498
26357,435805
58333,341455
219572,269098
39060,460357
58404,421566
55960,421566
131634,131635
272878,456778
283489,283579
262504,283579
259316,435259
38700,14890
289239,326849
24020,394316
62527,394316
28601,180854
34766,321148
29742,321148
34765,321148
63178,421566
80374,421566
51912,421566
56920,421566
58701,421566
11048,10964
11053,10964
11055,10964
328111,427084
18839,443996
321068,363092
47933,304378
188927,115575
30780,333398
19951,298778
15724,205672
196032,154002
338100,25542
46513,468039
5064,37261
19670,21624
75744,256477
44977,44976
38594,425189
14194,44976
70006,96676
214756,266672
16318,213697
211672,86066
264085,264317
19792,207447
36896,47983
21316,97461
10578,115822
27847,10713
14503,466318
14212,124188
35626,47391
15338,3167
10704,10713
15262,96937
36692,36694
206647,645
36779,47983
17922,446015
58188,445049
10579,115822
64325,438282
75623,174218
14913,96937
138372,436483
60038,444377
33274,190435
331446,286023
297291,116669
34509,479319
34513,479319
14092,23026
16774,123203
51786,148614
23289,179042
26809,93788
42979,141748
60293,458017
335753,397842
204912,425881
36218,34055
5086,48194
139659,107949
16846,138968
110588,138968
231082,467577
182873,152544
296099,108693
227679,34055
39057,34055
25961,34055
34067,34055
226140,296872
228358,292068
309063,336557
105680,189157
309887,261286
33723,264335
209112,209131
286548,294172
118406,23616
41993,189157
24686,106784
343977,458017
72972,458017
14787,458017
42246,458017
43956,458017
199753,458017
139374,297299
39408,221537
115290,59586
207454,449530
264999,328247
65973,425189
303857,425164
85038,150967
58444,343477
22182,298187
56014,343477
15681,362554
56339,188197
18441,294918
336560,97768
40039,382113
335970,353325
120475,425189
60843,473502
83473,294918
3602,3601
62931,96661
336211,341455
348191,8917
71392,256746
19725,37261
40127,220441
14021,126580
55470,126580
69599,289763
256040,350309
16808,34055
212996,401270
294562,439596
344147,370374
60898,363066
8460,8647
10594,8647
212168,196753
240341,196753
279254,196753
209049,212123
211711,212123
270842,212123
49321,251858
41669,41658
41668,41658
41665,41658
37770,41658
41664,41658
38315,41083
38313,41083
38310,376567
26285,41658
24161,150954
220436,464374
342917,356688
277217,466463
192911,224026
15657,106768
47292,34055
25161,479319
39229,143302
39230,143302
25423,192974
252520,258506
7092,109608
154207,123203
25180,94035
29055,319644
27010,319644
29054,319644
20435,322650
51881,216395
278604,279244
20183,107546
105073,105075
13204,123203
23280,354066
283445,357173
52485,211860
200580,253537
124471,132877
257932,464125
23903,55428
135858,106498
45940,361007
152042,212166
13430,463394
295830,370411
30575,263101
37100,263101
28460,263101
94052,93446
53129,93446
52761,94050
193502,393328
75634,69788
115873,427397
42949,85817
33787,108669
41241,285249
58625,124881
76940,389978
20044,389978
12448,97456
204342,426761
20947,114488
347096,363092
26847,134635
60061,421566
17433,190435
284279,448758
356216,390774
72720,267308
150213,34055
50087,34055
345468,358930
303903,34055
350499,34055
50506,374663
42673,134635
287948,9518
86868,115840
31359,115840
50126,32153
264264,295274
34204,87252
51836,134633
46169,263106
319341,437608
351901,221622
60190,123289
356149,479692
28538,413946
340382,370411
212162,212166
152044,212166
19430,59009
30921,88574
329263,344555
20378,141282
43551,47630
55612,97156
40251,168186
182131,330075
10645,147669
459,456
457,456
40487,349889
38237,349889
277967,76291
159824,185103
204582,25542
86040,327598
339530,91799
297762,468552
47934,304378
302349,312977
353616,306031
99760,320064
338312,338313
156389,164072
156388,164072
80105,141448
93230,118657
32105,37261
170759,215452
191975,386491
158848,437584
60193,421566
56287,188202
353595,386162
54297,393564
70553,47391
44848,157671
20381,476054
331576,436982
38015,473847
39111,437439
32213,281882
10257,192541
33338,385719
73897,385719
11175,305360
253451,192174
56549,107462
24889,324703
137409,404302
74639,324703
262137,324703
162006,185627
45303,206072
200645,201260
233639,334414
3936,177062
222832,385709
146301,41437
28071,108170
292014,374930
2734,2704
44296,53043
47354,88735
13721,43063
34942,117693
62762,201545
135659,24717
254201,319850
231001,442195
60278,456734
17038,97768
44037,97768
135309,97768
335462,471435
45233,227140
64931,334486
36693,36694
41955,416491
63536,120447
41979,120417
74405,69788
75133,69788
75134,69788
312221,1575
4728,10517
11913,10517
4727,10517
10516,10517
75140,69788
57991,188202
45990,441461
75532,421566
75142,69788
71995,421566
62034,421566
60175,215293
237672,415699
75143,69788
10939,105764
84774,198921
63537,120447
63538,120447
65591,120417
65594,120417
59803,195071
253192,122776
19493,115164
83456,122776
19543,105995
44951,264914
79722,128123
51411,46082
48300,201548
66160,380170
62071,380170
48943,155408
108794,69788
31060,131989
31061,131989
32926,131989
257343,131989
76084,360344
24647,112537
292177,343297
349158,343297
336884,371950
69152,324371
213755,295852
317953,253537
246594,264481
71744,129453
216983,416942
331836,331841
23150,23240
23151,23240
23153,23240
23166,23240
23167,23240
15706,102008
103122,312882
9048,9046
299579,400412
26736,413935
30059,242587
334376,196753
329833,352789
24712,24717
24713,24717
267048,315944
359983,94032
47647,192175
89645,415931
282069,385386
282070,385386
36771,148324
55254,148324
62900,148324
55776,148324
62898,148324
62896,148324
62897,148324
62894,148324
55558,148324
36767,148324
36766,148324
36765,148324
58074,421566
56068,421566
66177,421566
26028,185667
274167,473971
328848,364344
361751,364344
366630,451539
140300,77816
154738,154752
40800,124934
70702,224011
40246,242587
254736,397598
347201,23616
317442,23616
98440,98448
98438,98448
98439,98448
140054,140059
129745,140059
201386,385863
89145,415931
35639,245321
111480,183680
27548,425280
27621,425880
349176,382402
60181,369004
32643,12087
115547,297142
135307,187734
72054,216435
89877,311102
79516,294172
13274,140760
16907,23616
193439,415931
55873,65249
46695,203029
84951,203029
47360,48655
47363,48655
28920,351230
56589,93287
323675,376650
366924,334996
157293,337957
333658,293981
137533,374384
68555,444485
77294,219363
18874,443996
62738,107467
378385,285564
263341,290973
267860,386534
361263,59235
24569,37261
17276,37261
24571,37261
19297,37261
19252,37261
24654,476065
366249,461755
24570,37261
20731,20725
19293,37261
365222,70068
182219,377491
382155,402380
74919,402380
127329,309259
27598,312744
41472,153629
61320,362722
61313,362722
11946,187089
20294,401655
15974,264317
14546,21624
262227,467457
44425,256433
44978,21624
49028,228335
158519,298778
2764,257071
382517,66761
46780,53043
9084,9088
285803,286951
348537,388180
14962,100415
26743,100415
33371,427113
19812,256548
193460,415931
186775,415931
361131,401261
76784,257071
33407,133676
363844,336557
367596,380160
26329,37261
165432,245198
382581,224026
216016,397842
186268,415931
166904,415931
3938,177062
136585,263866
207680,263866
42606,53043
75745,429409
347689,179244
63065,279836
302688,389767
33419,478628
85231,395433
376716,122776
379291,466894
182950,415931
357096,219691
193459,415931
85232,395433
185289,415931
184328,415931
185273,415931
187516,415931
156603,415931
180819,415931
252916,415931
115706,415931
192371,415931
116160,415931
107966,415931
174195,415931
116190,415931
70313,415931
144852,415931
193435,415931
178569,415931
177234,415931
230182,415931
109907,401261
282346,401261
116312,469613
290595,393379
325133,400700
29487,33381
29490,33381
29829,33381
52854,385250
56078,140126
23154,23240
212156,23240
3941,177062
1652,265709
9657,232403
9252,232403
9379,232403
60964,97462
47747,23240
363354,393328
89458,117354
50025,474013
326423,176097
127380,137697
137400,463398
15088,110179
40080,110179
4457,123289
76081,360346
23767,122489
113332,188577
34194,199141
343972,402457
21769,182371
125513,145553
28697,207415
125521,145553
82386,165743
125510,145553
41365,145553
35105,145553
14829,199141
34935,199141
25843,201689
87636,134063
134053,134063
155017,452942
160399,452942
71449,166018
71444,166018
31472,123740
30,139450
336026,473840
5066,37261
383121,397444
116185,122489
62756,343944
35752,284346
258509,167613
300665,111751
295273,295274
33604,214702
58007,421566
78375,277630
75897,147669
241259,261307
317121,480160
381615,451539
374739,401119
81976,129293
122293,145784
302508,345865
291805,382685
78492,180142
339526,19163
363607,324909
11392,11118
11390,11118
31264,48194
45783,238419
16884,238419
57313,294918
308531,401562
32790,87251
34598,257378
37237,89188
33108,446792
259693,313086
30656,96660
391757,96676
43074,2980
52947,112369
353610,375228
370687,363092
138705,101646
150208,101646
61123,101646
80256,101646
206789,206786
400605,407273
324668,31562
172817,256477
263945,55428
40741,442237
316727,256322
278154,8354
388191,363092
328716,334486
369776,389544
12529,266731
259634,293196
46572,293196
33201,2704
58430,2704
46784,53043
46781,53043
154441,342577
28406,374436
40585,351667
42498,361007
79106,459434
108432,459434
18560,108502
24057,108502
183073,188577
48995,108043
390734,140760
334304,455123
54107,248126
390989,286023
21452,39199
28808,39199
141267,24717
138115,24717
138118,24717
136071,24717
133879,24717
24024,24717
24025,24717
229007,245326
389614,245326
231811,245326
168056,245326
168057,245326
231812,245326
248781,207632
310602,441682
278924,280504
407375,14246
20583,97919
30975,97919
49857,97919
21636,97919
25182,97919
81450,97919
87311,97919
348668,319850
26945,141252
95610,8936
382399,206559
347126,409343
391779,142015
384641,478244
64961,106368
44749,259256
38289,444275
228432,315944
34527,376128
357786,374202
55426,102940
55431,102940
55430,102940
55435,102940
55437,102940
55438,102940
402331,412680
412519,144689
36161,198987
164990,245198
16257,190435
36163,198987
50717,181496
44173,47630
171346,393326
20413,142021
22240,238448
22623,238448
36162,198987
58051,142015
411802,356688
188489,225961
152625,415695
87788,201932
410537,397842
36046,243738
14631,243738
32523,243738
401650,477208
18825,160952
406052,326849
250388,283417
395925,283417
10841,93568
77946,331475
351211,64750
308529,105322
25114,17149
39123,17149
35701,163798
27370,294918
62852,256374
21481,263106
404461,479692
58443,115839
389396,424842
20949,114488
355730,418326
361261,418326
338485,418326
392629,364344
37609,425880
325189,408196
379992,418326
32293,425880
178682,413935
407171,418326
308686,418326
64183,216395
21780,312735
231617,418326
414762,418326
63710,144689
371181,364344
25778,25542
18182,25542
25786,25542
281506,25542
37453,25542
34075,90348
407655,437451
89825,414000
262848,47770
413441,472917
207932,115776
335796,426103
82406,347544
72857,347544
300424,386162
67390,161314
28425,259401
402543,246839
414767,364342
330161,364342
348631,364342
343611,403374
50699,47627
59762,256296
16143,413731
338964,423173
337550,425435
361758,427627
363611,427627
376538,427627
376543,427627
376548,427627
376553,427627
83865,258372
250895,258372
370545,258372
33065,122123
33534,122123
77304,158814
279229,304025
64428,123717
396330,386162
86821,166381
330459,10
346672,2326
287281,251383
37708,33059
31245,429826
297298,474015
371153,466388
140485,479971
21752,369380
180371,429232
154922,122123
314946,122123
52939,122123
98596,320064
207323,273099
255746,311102
53693,180498
20679,479319
403052,86066
18223,48188
362058,374930
67343,155421
47971,52785
324849,325470
26461,101385
401544,434533
374205,23456
400045,25542
60821,87251
61005,87251
14564,14563
28670,123751
270047,279715
362584,374202
82088,441443
362585,374202
227932,455278
414937,424842
324552,404609
263115,453993
180863,424202
34163,479319
38499,174218
173897,17255
374251,129748
341174,344830
51322,264335
426580,436483
417503,448758
417004,113589
79909,174995
129237,367092
24140,98077
99099,119240
109080,114374
114370,114374
114372,114374
114371,114374
105231,114374
50253,109079
83090,109079
83091,109079
66105,109079
83088,109079
376599,403161
59060,132203
40748,129626
40120,129407
17695,129407
410988,473843
309028,473845
29801,384920
294161,429231
278475,474022
366499,433140
11795,280562
391975,439596
126889,135416
2459,351667
347413,330075
34311,47391
18051,170452
27076,397382
20004,397382
211798,529
19002,45154
27296,138968
19766,237445
15212,9887
9711,9887
20760,97461
14611,286904
18500,87214
26452,314023
14681,129453
17028,129453
25833,129453
359413,363918
295049,239595
64266,197065
56372,106011
137116,134897
213927,294187
65310,115164
408647,466894
40983,422193
417830,86110
337339,9485
141102,144200
41663,41658
39371,441061
25606,41658
260514,87118
400136,133352
348893,117777
445993,166373
31051,145901
18334,476063
152100,259308
41289,288882
30655,96660
57837,479319
34506,479319
70086,479319
25160,479319
30649,479319
34512,479319
401689,363092
61708,185667
426264,309300
37963,437439
64468,473977
48763,131992
38614,206857
40761,221537
430413,107465
57889,107467
402223,431791
68163,175858
413391,466004
350312,350309
366143,440769
27046,107473
62737,107467
19625,44722
203835,397842
164377,108804
67308,395591
20648,404111
447113,224026
360404,224026
212470,224026
413736,224026
324963,224026
227257,224026
290727,224026
166747,224026
260234,224026
167666,224026
167313,224026
134632,224026
99247,162782
238869,298162
9990,299748
252034,106784
38332,415054
49574,415054
50332,134633
70172,297252
32888,351228
20473,297252
45249,297252
26264,126221
19580,332357
24791,112406
111913,112406
56525,106011
59529,93446
248223,315054
39346,8819
37851,106790
36699,165778
62732,107478
47812,106784
37656,106790
16269,170416
425961,402380
18575,478947
24769,478947
324852,86066
72203,158814
77759,219363
77762,219363
20883,107462
137801,137804
294682,473840
17101,23497
41957,416491
29361,416491
57779,107462
61139,107461
20884,107462
53086,122780
62731,107478
195065,195071
69097,298162
43241,394258
452142,424842
281338,173710
15449,403603
154727,154752
60800,349336
70133,69788
24230,286948
44268,41658
198951,114916
37769,41658
36888,304809
86190,329220
2791,2794
13981,87800
77051,285428
327982,352020
129830,267551
72811,142686
451644,169452
43464,321063
154501,154752
336890,476961
10260,238448
56544,421566
150010,284700
26539,363015
24794,97445
20755,97445
13683,106768
34065,34055
335988,8650
51273,315054
314952,315091
159447,162782
313556,107465
179690,315091
248747,107465
60189,107478
332788,474012
37991,11582
86337,205145
381519,196753
74384,421566
64043,421566
71133,421566
57996,421566
63179,421566
64202,379475
2331,2704
422842,463112
101538,104774
417489,417491
79701,400500
14247,14246
70061,446792
54551,86066
375798,442352
461053,221111
68637,148603
70609,304809
36886,304809
36887,304809
36885,304809
12097,11875
417320,466463
78359,152918
152912,152918
248705,52888
3104,123720
24568,37261
19307,37261
21251,37261
460135,477208
182030,200641
